# sha256 of the shipped bytes	bytes	path	rewritten_by_anonymisation
1461ac8c43ab2ecd40d8f17eae9cf7cd122a7b3a36091b785f66240a6958e086	6438	results/SNAPSHOT_INFO.json	no
4ebf891d0e41b074e4ec793c048c628aa29b968d99ff261272230097c2735195	12020	results/mars_metric/m0/census.json	yes
5bb27f3829501ed54d98f737a2f24d4ea8b7e80720660fa87720536909ca3d91	8618	results/mars_metric/ma/meta/SHA256SUMS	no
701dbcc477ef6e01f62a6aea2918c9de299ca84d5e6b0ef36d40a1be36e043da	100	results/mars_metric/ma/meta/complete.json	no
f456f9dac1fa47597024d2f0cb58ffb79dc2c5eed29920c2d96cb1feeed21207	2283059	results/mars_metric/ma/meta/meta_evaluation.json	no
12bcb5c32131d96753feb60955fcf73af99b8024742b14d3da2e5753dc135942	294	results/mars_metric/ma/meta/started.json	yes
1fde9fdd4693946d56b02011aca537035e5995d0bd307fafe6768b6469d83890	1986	results/mars_metric/ma/summeval_source/SHA256SUMS	no
6e1942e567d75ea76deef363b28dae6d508b957e97b0c27f3e9270ccd7313a1f	278	results/mars_metric/ma/summeval_source/build_manifest.json	no
cdcf570780075973b23578207d84d568187ad2482ae190f16281ee7c80907abc	100	results/mars_metric/ma/summeval_source/complete.json	no
b7a4ad5bc180f16a954e3df59d75b5c1dcd302a47261323f589244561c196780	304	results/mars_metric/ma/summeval_source/started.json	yes
ea76dfd6b55c63cc40f5af9b641f17bc54b904268756f4012d232e50bbf31366	5614	results/mars_metric/mb/eval/SHA256SUMS	no
2d624936a7b7fb9d48b88f9f07e3bcaf12f7baf57f1477823c5fd3675962a8ee	100	results/mars_metric/mb/eval/complete.json	no
e9bdbbe2aafdf10d6b4c151eaf603a3b815416a923f1743aa317bea9974f81b0	8138	results/mars_metric/mb/eval/mb_eval_factcg.json	no
01a3be994833e9d896379224c439dae336456acb7f4794899c6281f353458f14	8155	results/mars_metric/mb/eval/mb_eval_marsc.json	no
99c3eb9b9a276130248b6740313ab2a254d8591f59221979c92d54cab21da7ad	294	results/mars_metric/mb/eval/started.json	yes
73f802a7a751aa486ac6399208ae15d1cf81c808bc4e7da010ae3a4fac3b80cd	35	results/mars_metric/mb/tasks/tasks_mb_manifest.json	no
88b88f340e473cb02644afd469079cf094c0e4b61df631105addc33996fb873f	732	results/mars_metric/mc/eval/SHA256SUMS	no
6f2b408fe770c793a9a2f07981ee016b7ae253df85910bd370183cf79069ea67	100	results/mars_metric/mc/eval/complete.json	no
64141a2914f0a62d99d018c9f425c46b820d6e1a2c86e383ee14b2de4ae3a45b	8094	results/mars_metric/mc/eval/mb_eval_seed20260906.json	no
f591ecf12e7a27769ec54217d37dff0d69289cd82978e216f4bf548519be81e6	8092	results/mars_metric/mc/eval/mb_eval_seed20260907.json	no
65355f8093de5063aa116c9fff0682a80bb7ead680ae34b80550f1a5a7b14ddd	8106	results/mars_metric/mc/eval/mb_eval_seed20260908.json	no
219a3a708d8ba76e2f4c8702aef2a7ae3c26d095104ca1760231c4d5ae9cdbe3	1804	results/mars_metric/mc/eval/mc_bars.json	no
b28878d833f5316480515513a65d5d2e3a016adf018b21a5457aa7523ef1ea14	294	results/mars_metric/mc/eval/started.json	yes
58ebb0d74ea974ca84ecb62e1cd8594e3a8188ee69328efbcfbf1f23f9a173d5	100	results/mars_metric/mc/seed20260906/complete.json	no
cca26f79a5535ff7b59e9606c09ccd9db9127e7f4ccaf25ae7b26cf29f2cc218	1642	results/mars_metric/mc/seed20260906/result.json	yes
05db33d429d99448756d0070a4360febf4188b29fc787df780713ca977c58711	299	results/mars_metric/mc/seed20260906/started.json	yes
18954a4f12feea61bbf0a9a763c65f5c760db62cc1f1d02ffbe99cb5fc7a1694	100	results/mars_metric/mc/seed20260907/complete.json	no
9cd3742d190a912bbffb207223c4b8d1ebd5bfc6ed34a6ecd0a8154e786dc986	1647	results/mars_metric/mc/seed20260907/result.json	yes
e13e60b22ab77ed7576f1801afd1191673e3adb6104723ef5390e145d3b4fab0	299	results/mars_metric/mc/seed20260907/started.json	yes
f9c9015b884556993ca6dba17ac09672741647f99bcc6ec8eb3bcc483bed5f29	100	results/mars_metric/mc/seed20260908/complete.json	no
8005fbf9cf6d0c608c0239bff1ea2ed1816dfd12ae2f67ff04490167335792ac	1644	results/mars_metric/mc/seed20260908/result.json	yes
e94ec373393a3fa2a203ee94240749f79c37d6b726f1af8e15b6b1d8592ac2e0	299	results/mars_metric/mc/seed20260908/started.json	yes
083e1895777c8af7718d1f3d26254ec079a331ecfaa7d4075b4b32d0fcdc0707	531	results/mars_metric/me/cost_factcg_sent_rep1.json	no
159608d7cd8b6a1a2f547fad1592c598c9ff30ecfdde7802a1cc57a35f3d1d02	532	results/mars_metric/me/cost_factcg_sent_rep2.json	no
3b388206beede962fb44a8e4f76f7222079319430f8e0f88b0a27b28b45a36ab	529	results/mars_metric/me/cost_factcg_sent_rep3.json	no
bda5f2ca946b92b25b2a5fb3f583f6af9d7ce7481b4b1beb58cf81709aa6c04e	549	results/mars_metric/me/cost_mars_llm_rep1.json	no
9e55c2bfcc6150bf2eec606113e820b3ddaa2e4f66f9abc1917ea36a69054576	552	results/mars_metric/me/cost_mars_llm_rep2.json	no
dca3ab93b307fa428a3f251eb06c763d5f19abea2ca95e69c3338f5ef4991a92	550	results/mars_metric/me/cost_mars_llm_rep3.json	no
f08223b8acb5c637660264f0aef742f02ee4b4c1a4b564b17bad5b3640bf0b3c	555	results/mars_metric/me/cost_mars_sentences_rep1.json	no
addaa342f3df20e0547e780ab340cef7c003a9233ffd7d64eec1be744fc706ae	554	results/mars_metric/me/cost_mars_sentences_rep2.json	no
1488058d3ff640910b2bac15b44134fa708d2d7c18f34595650fcb0dc96b8426	554	results/mars_metric/me/cost_mars_sentences_rep3.json	no
22412c78ffadab095166c1b5ad96a2c28fb552ba2f5f83774e69419d09567377	553	results/mars_metric/me/cost_mars_seq2seq_rep1.json	no
fd460158280760247999397cf164202b33aa10e7ba9a9210fb3a220804105195	551	results/mars_metric/me/cost_mars_seq2seq_rep2.json	no
9cda8f72cd35b113d98e5d1537a15314723523010b73eb72aaa213161cef24fe	551	results/mars_metric/me/cost_mars_seq2seq_rep3.json	no
4a032441323cc6839a9e7955cdf02fe6ad6b20f45d345c2fa15b92dcff3d2c53	100	results/mars_metric/me/receipt_factcg_sent/complete.json	no
9368ed098693a05e7608bda635351afaab5dc8af732eed52012c9860afd8f6a7	298	results/mars_metric/me/receipt_factcg_sent/started.json	yes
73de40c2283fdf13667f12d573c7204535d483da8e1bb3b6c28d2a72e62eb91a	100	results/mars_metric/me/receipt_mars_llm/complete.json	no
6289ed91889bc5f8de9f064a5fd852e4794b21330239dc6f50c071beb46b9a55	298	results/mars_metric/me/receipt_mars_llm/started.json	yes
b95f889a3561d428cbe97a77489091469dee662609552f717787202aad43f6b7	100	results/mars_metric/me/receipt_mars_sentences/complete.json	no
8b5778431a181af19a07ca99cdc7b27be17a8d71a616718527acfdd4a387a83c	298	results/mars_metric/me/receipt_mars_sentences/started.json	yes
2ad039821699ee5bd8cb88abe05b0c0228b9c9b9941f148b600c9f99a55fcb5d	100	results/mars_metric/me/receipt_mars_seq2seq/complete.json	no
792026e1dd10a00b08deecc16d70a4d62e684d97325a1c4d2ba6c022357fe487	298	results/mars_metric/me/receipt_mars_seq2seq/started.json	yes
0559347686294497ad14b1433709ba6bc44504e2aa8cf5dbeeea1a15c5b2d5f5	100	results/mars_metric/mf/equiv/complete.json	no
fe457db0068c86c50782113db59eebe72aad790f08562d69c344af75189bed7a	55425	results/mars_metric/mf/equiv/mf_equiv.json	no
5aad1b7464b7e4a37e664ba33ca0d58d18f3f02b0df2316481a3b3cdfdfdccdf	300	results/mars_metric/mf/equiv/started.json	yes
8742af9d8a0d12e2c2792cd561b5a8feb939144dc78c8e433c58599023f0b33e	1994	results/mars_metric/mg/meta/SHA256SUMS	no
61cf03f59599e242f3bdb0b2e6c76a172fbda48faa71553f83fd82d0af51ae4f	100	results/mars_metric/mg/meta/complete.json	no
158205a6a4a922c1019bef921ad5d3ae1391477262323b554d8d7922040d1d76	3504951	results/mars_metric/mg/meta/meta_common.json	no
c574a68518802d27de923ee18b70d9befd04f0d0c457f59b535d0912517b022b	3504585	results/mars_metric/mg/meta/meta_common_noverlap.json	no
faf1a883a9ccb3cf7dac5875aa0eeb02134e42e053392266d5061693f234eae3	2833862	results/mars_metric/mg/meta/meta_default.json	no
71747ec28bed9960170879efa13f5277d0b6397eecd4928a5c7e4123d27fc460	2834110	results/mars_metric/mg/meta/meta_default_noverlap.json	no
72d04ab393f1f89ac4ea1811d9977e45ec57ba2a2b5bcee39f111945a64f7493	3505436	results/mars_metric/mg/meta/meta_pairwise.json	no
ad4d22d489b9c56ec27ec12f2935aa6f82497d874585ebeee418fdcd92e805c2	289	results/mars_metric/mg/meta/started.json	yes
589c2522902c351910bb616ab0a8d355fed47154c9fa3894285b3a02d4388cce	100	results/mars_metric/mg/rose/complete.json	no
677187f007f7a894853b56c789de650f6e439d5b035bc77a1ec02fd1277f7dd4	102	results/mars_metric/mg/rose/manifest.json	no
b6715d2458b6d858c847081868c234deff775d46562cec81d72a040c77102197	294	results/mars_metric/mg/rose/started.json	yes
7ab54df13834aad7589c316e86490fcc09121e0cd9b0e61817be624aff39d83e	160	results/mars_metric/mg/screen/SHA256SUMS	no
bf1165b8ce171422105351e70cd731604f6980801f7336d5ae35802c8d6562b6	100	results/mars_metric/mg/screen/complete.json	no
ea05e2e3fa7b783b830d37e865a2bf57e1e8ebba6ff692da858d9df60f72377b	20848	results/mars_metric/mg/screen/mg_screen.json	yes
46b0273a0213262b035e6ef3dee080104ac59d2218290c2fc489370f143dd3ab	296	results/mars_metric/mg/screen/started.json	yes
38cd99f9edb99a3230ba9127a9623bd4b7fc0d10bf96d255ab9867886c86702c	4383	results/marsc/e0/census.json	no
ab65fb355e43541f04b93d91505074f1744d638be660e7db4c06769eb110a60c	3810	results/marsc/g1_test/SHA256SUMS	no
5b3ba631d8cc26c7ac76445965ce1bed27d7550176821838db9dd727557f278c	100	results/marsc/g1_test/complete.json	no
5f8182ded178f5292bb026b8788f292cace89c1b5a1c43085e38c6323461b720	24319	results/marsc/g1_test/eval_test/e2_emitted.json	no
c396522a9d81d6d34d28b6500b8ae22dde80ecf70ad9a19eb2ad94262d2adb3a	9885	results/marsc/g1_test/eval_test_single/e2_emitted.json	no
12b444597dd0e5f9ee1b622b27a07e8f3ec2b8a423cc0a50cd48334d521d3d60	297	results/marsc/g1_test/started.json	yes
eddee86fb67feddb31aaaf8756e9b8e903060f44261bf6f22ef815767223bf0b	100	results/marsc/g4/complete.json	no
caba0235ffd743dcf02d13fbdf5cc2758afca2a31d0fa309302f429938a6318f	1949	results/marsc/g4/cost_table.json	no
76b573af16e631914fadcb9f2084d9f3681f8800931f29e36ee141718dedee6b	297	results/marsc/g4/started.json	yes
16853ba82961d9a7d46cdc083282d0173ad50acc0340b63ae7fc544371777233	3811	results/marsc/g6/analysis/human_confirmation.json	no
7de05f3a4ca2d084e561f5bb64daa4d47b1eb387ff9a8d45f66c0f1a1fb63296	1119	results/marsc/g6/analysis/judge_vs_human.json	no
98e715bdb477480dca69d7ed43865c4a02b719cde04f444c69509c8f15739bb7	4696	results/marsc/g6/analysis_all/human_confirmation.json	no
1e56e2b8540d79eded517a51d7f3ba465e048c53238a7e8486cdcd1c1a23e9f3	1018	results/marsc/g6/analysis_all/judge_vs_human.json	no
11254872e44d7fb75e0a243045e0ff7a863bb284eb492f7b4817b769966b6343	3653	results/marsc/g6/analysis_final/human_confirmation.json	no
8469ee5c6d9372aa786e107922781578bc788bfd76a2175af8fd9ffbfba3e3f7	1104	results/marsc/g6/analysis_final/judge_vs_human.json	no
8297dfc8ce5d6a047b9e93d469275dfd8d3af1e883be6aa90ebb53fa3c851e67	139	results/marsc/g7_unisum/build_manifest.json	no
ff596e864936197f3defe172f966a325b2edf7a84cf1320b4590ae55931e07b8	100	results/marsc/g7_unisum/complete.json	no
5f154d7c9dce3dcfb1cc4122994d586fb84eeae6a1b9954a866c05d6169ca0d0	33488	results/marsc/g7_unisum/eval_unisum/e2_emitted.json	no
aa184a8a003225a1534bccfdd8ce7f6fd51919027910c9ab7f3c80820243fa46	31720	results/marsc/g7_unisum/eval_unisum_collapsed_224/e2_emitted.json	no
b6e0189eee820599aee21d365841a5c6e9a039c42265c8c19e002126662c4a8d	8461	results/marsc/g7_unisum/eval_unisum_single/e2_emitted.json	no
d9ae04e6de900b8cbca4f5d7f673f25e52cb5fc980826fe7c0576693cfb02275	288	results/marsc/g7_unisum/started.json	yes
186c9880de8224e68df8f5b400aca3a00c2d3e9bd28e94c419241314e9427972	2116	results/marsc/r01_consensus/SHA256SUMS	no
1d61f42bcf52e95f73fb709ae8740bd1e6e6c5c45ca9c92c54198c0d3bbe64ec	100	results/marsc/r01_consensus/complete.json	no
fd4cece06f17c573a80e28df86c3a90ae6d29b6e5cfcac2cdc7ab8c291ac6829	14068	results/marsc/r01_consensus/eval_curve/e2_emitted.json	yes
300724bfbf17e31231caa04afcc5431f93c85f028360867b3a599fb08851125d	85534	results/marsc/r01_consensus/eval_test/e2_emitted.json	yes
c5fb4deb15f286897dd2d08f438870cd0b7fa379cf23aedda0eef09f91fa5bfe	14401	results/marsc/r01_consensus/eval_test_adaptive/e2_emitted.json	yes
0a5041b05671f35a531dc07315fc8694b76e8403d1f68226fc64adccda0da69f	22253	results/marsc/r01_consensus/eval_test_agg/e2_emitted.json	yes
a65f1b4bf64a16bdfd6a1862e6ef304795f1b1c744f66271a9a11576cacadeed	65753	results/marsc/r01_consensus/eval_test_kcurve/e2_emitted.json	yes
5ed5e6aac6f0747cdb875db3220a052001cf1b20ceb47b03a34a82f561c66b10	29066	results/marsc/r01_consensus/eval_test_mars2/e2_emitted.json	yes
6b27dac3e2beb2b02ddb899d13219d7aa0e7c325f035ad24cd51e618441bc66b	14357	results/marsc/r01_consensus/eval_test_single/e2_emitted.json	yes
7b5d0eb400721f3d1a22834b3a639fab5e09d925160d79b3f594d850940c99ba	60432	results/marsc/r01_consensus/eval_unisum/e2_emitted.json	yes
37237ae336ed8219705f5b4b4e6dd386f89f8fe4bd66fd673bdf86e8a70d6087	46492	results/marsc/r01_consensus/eval_unisum_adaptive/e2_emitted.json	yes
287a3534e44dab71d11c5e12fdf5817901b2a54a3b6a66adf5dcca8420355d0a	44455	results/marsc/r01_consensus/eval_unisum_agg/e2_emitted.json	yes
0bc2735a260afd01e1560a5b257e270a55a251f513cca2ad8c7fa00a65a4e531	105929	results/marsc/r01_consensus/eval_unisum_kcurve/e2_emitted.json	yes
0af288e78b1e504b010a4d0d885d24a5a701d52fb719aa5a2f05991eda017a3a	13258	results/marsc/r01_consensus/eval_unisum_single/e2_emitted.json	yes
fb6dab4ffec43ab282288e8c00f7f195bfb566fcceaf4df9daae9517cb3adf15	25873	results/marsc/r01_consensus/eval_unisum_single_adaptive/e2_emitted.json	yes
0ec87ba47ca14dd96696f4c70b5dad793aca7b0574542df7b8769a5b88d53604	10839	results/marsc/r01_consensus/eval_validation/e2_emitted.json	yes
5bbb14df16198d896797f7984d72d64b3767e1106ca3f7e0d67b55adee679f36	298	results/marsc/r01_consensus/started.json	yes
59222b971d4179933937ffa21337070d708e8b2696fa2d72fe26c38842006940	253	results/marsc/r02_human_rank/SHA256SUMS	yes
70ca0304bacd191222d8e58ef1542c2cdd38bb56126a9153c6958a53acd5c47f	100	results/marsc/r02_human_rank/complete.json	no
63e526f2983890116142e6118b93355a86dba36c53f3124a35d95dd2da361704	10027	results/marsc/r02_human_rank/corrected/human_precision_ranked.json	no
9b078c12d15918e3593048801a95b5f80e866753119be0bf82b6b9096c988571	1057	results/marsc/r02_human_rank/emitted_overlap.json	no
59bbadcb0ebd086a823c6eda09471ae63d1e42d30b4ccf1d237a5254a2f8ec1d	18397	results/marsc/r02_human_rank/human_precision_ranked.json	no
45c932eb3567da4cd56ddab1a1be7a4673f035a63fee03deb873e30d2e10760d	9740	results/marsc/r02_human_rank/reweighted/human_precision_ranked.json	no
a778ab2db47ee506645176af7095a13a7ebdeeddb8b6c2b064f58d11f2d51daf	298	results/marsc/r02_human_rank/started.json	yes
0c82bd947dd1635b169a72d97d43e075e2850a7f0dc78d32cee4ed3e58db71f5	395	results/marsc/r03_sumblind/SHA256SUMS	no
1ce063000238afde2b419aecde1ad4d9fd404acf5deee059d8c200778a8803bd	100	results/marsc/r03_sumblind/complete.json	no
2b7f1d96f8232c49aa8e8d5bd838b8c2b82a1c67dd507edecf09a18383a2898a	3826	results/marsc/r03_sumblind/crossed_test/summary_conditioning.json	yes
bb864c942b1a0342492fd150c3e198382a9025f5d7c5c273ac2e2a8027950efb	3895	results/marsc/r03_sumblind/crossed_validation/summary_conditioning.json	yes
e2786d41c272200486be99de53796fcc867f194311232d7e8b24ac611fc8ba89	33512	results/marsc/r03_sumblind/eval_test/e2_emitted.json	yes
f469c600818a56fc018ba59cfb234b11332aa411b2487f2f224636121d5653bd	302	results/marsc/r03_sumblind/started.json	yes
540d3a2d2a427d02197d859a849ef71f4a4b544cb5c6e51b596adf3fca1b161a	2052	results/marsc/r04_matched/analysis_auroc/e1_screen.json	no
7a1c8e3bfe1e4e1ed6a50fe90ba021395c8c4c13934f57e7d84e183cecc7d5ff	1078	results/marsc/r04_matched/analysis_auroc/matched_auroc.json	no
38cd99f9edb99a3230ba9127a9623bd4b7fc0d10bf96d255ab9867886c86702c	4383	results/marsc/r04_matched/e0_judge/census.json	no
f2c532d0b0f2b16e90f76a9f1a25c3bc40aa9dee678addb679581e3e6ebea9c4	1042	results/marsc/r04_matched/e0_judge/relabel_report.json	yes
ee239a8d40531b88a7d5a9779f6192608792886237fe43c8ce019e9aea7945bf	12228	results/marsc/r04_matched/eval_test_d/e2_emitted.json	yes
0d21fa133cdb442f5e17322398d6fe60fb68d91013ad19a7fdb490119399e9a7	302	results/marsc/r04_matched/started.json	yes
2eaedf012b5126a0d15706bbb1e2987078dac5dc1bfa9e0440ffdc0ea82a042f	289	results/marsc/r05_equivalence/SHA256SUMS	yes
20d0f0f624985077b793758453da53b6b4278f04b69c67ac94273e4462f382eb	100	results/marsc/r05_equivalence/complete.json	no
7ddc63d9a7c528d5073a9e53002a2002b68ba111fd443feba9e45d437b8fc68f	1935	results/marsc/r05_equivalence/k10/label_efficiency_equivalence.json	no
9afbaf26154fcdb36437323909a01c83215639c77ab57ffcbdc3febafcec75f8	1935	results/marsc/r05_equivalence/k5/label_efficiency_equivalence.json	no
cdd173cc2c1ef01fac420cffb825f711bd249a32364e8272fd6383f7855e6515	294	results/marsc/r05_equivalence/started.json	yes
2abedb4965e82b72d310068b48d451e2417d978fe472ca525f89a341b0c8b240	302	results/marsc/r06_offshelf/started.json	yes
fc2dbfa36f100038817c0776066d2f1c44b31bbffd13004f06692ace2871e46b	175	results/marsc/r06b_fast/SHA256SUMS	no
48a1383497e21700185eaf679e746304f4827f9db94c9a86c26c8616ad9eefbb	100	results/marsc/r06b_fast/complete.json	no
6819a709fdf98bb7c1861687d3b13c744af25f7293705317f9da026e084b6c4d	59222	results/marsc/r06b_fast/eval_test/e2_emitted.json	yes
4439b28584ccf78e7ec68c43756c20307faf7538c75d574590bf4fa3173928e3	14874	results/marsc/r06b_fast/eval_test_distilled/e2_emitted.json	yes
bdcf7587a93a51d1a6a56be04171fe4d4181e58657ac9d6f32ae194efcb97854	299	results/marsc/r06b_fast/started.json	yes
e87895ebf7e67c19b7969aebb6afaea894aad05dfb355d83949f186c3431a841	135	results/marsc/r07_crossed/SHA256SUMS	yes
7977bed7e9e431d4b2103a74ad9aa9bb8e91c810609008e895fab8ae94eac81c	2548	results/marsc/r07_crossed/analysis/crossed_precision.json	no
079a6a1377a4645ba76246fcc9a5570c230d69449a886c577bdaf885b058ce1e	11283	results/marsc/r07_crossed/eval_validation/e2_emitted.json	yes
65e9c44a587650f939d72cafa3008fac1e194696b96d05beaa91c4a97048d8eb	100	results/marsc/r07_crossed/judgments/receipt_0/complete.json	no
43badc29c80e64c3cfea5a6e326d92f1341a57cdc645e412713794fb5bd2c3c5	299	results/marsc/r07_crossed/judgments/receipt_0/started.json	yes
6f74d9e2950fd7687182406b3bbb057aaea07ce43f09aa353379804d98a162c7	100	results/marsc/r07_crossed/judgments/receipt_1/complete.json	no
24cc1f0559c19324df8116bd74de76b2cf796886934d6cc2ac2ba70f71b8e5f9	299	results/marsc/r07_crossed/judgments/receipt_1/started.json	yes
6f32ff25b96f60317751993060935e0c48da0533eea7e37a01bf5d764e9dcaf1	100	results/marsc/r07_crossed/judgments/receipt_2/complete.json	no
daeae38158eda74b092dbd7dce902c866e6c049462245527120b734036aa7a37	299	results/marsc/r07_crossed/judgments/receipt_2/started.json	yes
a6751e47f9b58910816254de1b4cec29d29d315fb4578884a180966b6d451419	100	results/marsc/r07_crossed/judgments/receipt_3/complete.json	no
09c403ea2ce4f593a398b460d66d962de908edd8def1e0fc677ac7e43991421a	299	results/marsc/r07_crossed/judgments/receipt_3/started.json	yes
d4be2494ef9d2518f21e21d2eb02d7fac33095393d55e9c2f9d7b1971401afed	100	results/marsc/r07_crossed/judgments/receipt_4/complete.json	no
ca20cc17fd2a373edcf35cfc9aa68ed5bee5a513778439a19671e278b261cf2b	299	results/marsc/r07_crossed/judgments/receipt_4/started.json	yes
ce0758d817ed417b7e63d5f9e972e9eba7934d47eca6d0d39b6b02c61cb37f3b	100	results/marsc/r07_crossed/judgments/receipt_5/complete.json	no
d384c4241d971136b3ddfa912fdca11d0a1572815c749bc904f2cd0b59ca7973	299	results/marsc/r07_crossed/judgments/receipt_5/started.json	yes
44620d66fa9793ab4004c9cd4321d7150f7e20b80877cd6ef0e274e2e1c5c9cc	100	results/marsc/r07_crossed/judgments/receipt_6/complete.json	no
d851e91bb86d99e36700bea48308e30b51db5608a7486db6aff1e7c9d8f01e7f	299	results/marsc/r07_crossed/judgments/receipt_6/started.json	yes
c09790a9eff871b50a08da3cc02dc49cd9a91fe41b82fbf04b4751e2185b5e91	100	results/marsc/r07_crossed/judgments/receipt_7/complete.json	no
cd99ea7c2c2f36418f05d89e02aa6213df6f6fb51b6ba97cce8dcdfa7cf3f443	299	results/marsc/r07_crossed/judgments/receipt_7/started.json	yes
359541a8c6a767eabce70a9b010d6758ec0ec46dbecbece16f9d61f8dbbf2dae	295	results/marsc/r07_crossed/started.json	yes
b3f5e088ee7562f637d54772798726cefe0878167376c2a9a23b6523299d701d	55664	results/marsc/r08_globaudit/glob_audit.json	yes
96667bcc2777769cdda840d3f155040d770d1b2d3ee54c2c81f42229335c02eb	6251	results/marsc/r08_globaudit/glob_audit_live.json	yes
83d32e0cac0a797148032721234a8a8fde2e4449292ab8e5b546f6c328fbd0ae	181	results/marsc/r09_validation/SHA256SUMS	no
df7128ffceadb599d6c70e11341d49a0a006b95e9a0f5f4fcbfdba51eaebe4f3	100	results/marsc/r09_validation/complete.json	no
9381116fddae5dafe30fbfff3c599ab02295fca021ddd765e45489e3e2cb0a02	39794	results/marsc/r09_validation/eval_policy/e2_emitted.json	yes
e3c171ddf3ee43d00477c2946cece39995fd160c52878d9a8ceacea91e5c135b	104749	results/marsc/r09_validation/eval_validation/e2_emitted.json	yes
b1b25a38cc6ec1596dcda1f6a302179712eae26a93c6674759996a5a94c730bc	295	results/marsc/r09_validation/started.json	yes
f0185f6e8ff80ec160d2cbe3d9fd26a523d6496e63fd7cc1147d0014e935025f	175	results/marsc/r10_policy_test/SHA256SUMS	no
0822d8af767c29b34d5ebec5e524cc5b99aac9d32bbc126fca234fc9350c58bc	100	results/marsc/r10_policy_test/complete.json	no
3680deea0c1f241c28904c7536e69c308a9c88146ec96c7ce105b3a8ecb20fb8	46341	results/marsc/r10_policy_test/eval_test/e2_emitted.json	yes
683c85bedd11c321375bba312a1316ffaec8ab14e948626175dd515a7158e95a	300	results/marsc/r10_policy_test/started.json	yes
81d0a17c58423d382d3f9a6bad6150342b63ea54e290bfbe109260364460ecdb	1065	results/marsc/r11_matching/SHA256SUMS	no
e280c02f6e41caf7c9dd6d6e65c642ce99bec2d42a9f15d82423f77db7aad265	100	results/marsc/r11_matching/complete.json	no
ee00e884c5a2da14ccf9d37c3108acaf0c1ebca4ac420f8c1c10c2301b4e52f2	13090	results/marsc/r11_matching/eval_test_j20/e2_emitted.json	yes
aaa75988c0c01a08e71b9dc7566b275078d634868fdb17ae75291ea1ed3f0004	12931	results/marsc/r11_matching/eval_test_j34/e2_emitted.json	yes
b9f977a396dd6b928338b839d0f82a4920ebe85e5b8fe78808c40bd74da05ab2	13052	results/marsc/r11_matching/eval_test_t1/e2_emitted.json	yes
dbd12865c4c249f22d57e9adfdf802d22e7b082f76440a88dd65521587626272	13103	results/marsc/r11_matching/eval_test_t2/e2_emitted.json	yes
13013cff830a0de2f2b11f7231b3941aa3810ea4ef4131fb6557d0f6933a157c	13089	results/marsc/r11_matching/eval_test_t3/e2_emitted.json	yes
f9d87ccd9491df65dd6ef611dee7a8ffe417a68ebc01f16f58e6d2212259ad69	14764	results/marsc/r11_matching/eval_unisum_j20/e2_emitted.json	yes
80fc32c65ccf28eae81d95a9d2785ee48a5333265b2ab3446b94acd329cf62cd	14496	results/marsc/r11_matching/eval_unisum_j34/e2_emitted.json	yes
1bafccccfddb01bfb14263929b64c552cd19f0ba624d384d68a346b8f50f7420	14769	results/marsc/r11_matching/eval_unisum_t1/e2_emitted.json	yes
c3af62f81259ee4bc2a339e29d675e54e5e4ed4fddd22484d1ff6fc0f1948a5f	14806	results/marsc/r11_matching/eval_unisum_t2/e2_emitted.json	yes
c002db887e11f9297ab4bceda954f2d075f964e48839a65429497d71cd48b5cd	14765	results/marsc/r11_matching/eval_unisum_t3/e2_emitted.json	yes
2b87f109aad01e615276774570216ab2dea1aa0960ca870f64b9d0d85cd709be	297	results/marsc/r11_matching/started.json	yes
80a915235fe2f8d0c5d130b4c9a8860d5090c5a27dfd95177ace22da15fe3d25	271	results/marsc/r12_precision/SHA256SUMS	no
af959527133d48feb8d12a6e74044cfba915f063d7d2f44bca46607faabd5f3a	100	results/marsc/r12_precision/complete.json	no
9707d3701e5f7f8c73acfbb8a0c08c62b56c8cfc285040c83c73c3e68fbe4b58	39250	results/marsc/r12_precision/eval_test/e2_emitted.json	yes
191d855f33a5ea07b7622ec3fe2ca1887bd4c20346c9d6f39ac15856221ec7d3	28191	results/marsc/r12_precision/eval_test_fill/e2_emitted.json	yes
341b021787ed3bdb44b50a77de53e0af04b77990870f919d4a9ec8d39a9f3590	18964	results/marsc/r12_precision/eval_unisum/e2_emitted.json	yes
6f3aa0f936ce1d49cd87e549895ec4078af968daf34de62e31f1ec3981c02445	293	results/marsc/r12_precision/started.json	yes
40b7430c5a67d2df25e6a2591c97e7290251772d6695a587d5b17ee747777e34	246	results/marsc/t01_grid/SHA256SUMS	yes
810ab69bf7c4c75c99bc1d2eac1993487d83738de1a9ebb54fdd3e7d24d3c5bf	100	results/marsc/t01_grid/complete.json	no
2a4bd2ffc820af8fabda2813ea5172544ea196c58169a63c5669867510f2c6b9	24158	results/marsc/t01_grid/eval_test/e2_emitted.json	no
bb805c8a9b0fa5e43ebc4ea7285f9a72bb072ac98bfea13e6ef3749afad2bad5	293	results/marsc/t01_grid/started.json	yes
53434e47537b47a2a81c9d0357c55e81d942086172a4efa6bd0231189678555f	258	results/marsc/t02_kcurve/SHA256SUMS	yes
b0b254b8615e3e973fe9534530073a8c374049d2fe936526f21536cb2a06804d	100	results/marsc/t02_kcurve/complete.json	no
9aa8b1f2f403e860c29a10585387957e12cc8f7afa02363a7f855913947d9b66	58048	results/marsc/t02_kcurve/eval_test/e2_emitted.json	no
9383213e5403737bd3669ef08af7d905e3a16bc79a1a5886dc016ff979240c88	100298	results/marsc/t02_kcurve/eval_unisum/e2_emitted.json	no
b46230db03629efa145e53862a0b9007b8259b4e2e8089f50609880762363b72	295	results/marsc/t02_kcurve/started.json	yes
b4b7335dc9c4678c84dbaf4f002edf6cc111cfb9d752a4ef06e516031e70bfe9	262	results/marsc/t03_adaptive/SHA256SUMS	yes
96fa453d8e960b18c2906d419eb980ed16d31462cf0c87aad1a3dcd170f99aa1	100	results/marsc/t03_adaptive/complete.json	no
0fa114ab6e2547bced57e2ef366c5473cfb41ec70236b9b00bcc79338bcbdd36	11038	results/marsc/t03_adaptive/eval_test/e2_emitted.json	no
8e7d966c93db48d5860580ba723acbc0b9ef77febf193b54f8b5f9844b172e82	41933	results/marsc/t03_adaptive/eval_unisum/e2_emitted.json	no
5c8f15b7ffcd074851289304a7e9d0c99e59bfb52b7e6743fd65e8e9265024b2	297	results/marsc/t03_adaptive/started.json	yes
c4f43e3755bdcee738b44b8e527f9c16e9538c4dc379767512e200178d8d71cd	393	results/marsc/t04_robust/SHA256SUMS	yes
3566bbe8d14e74b324651e67460c1c673fec9292ff38a4aa37b1ff6f5c7d3f6b	100	results/marsc/t04_robust/complete.json	no
8471bd418214bdb202fd1a5cc30a8c932afac84950d6b05d1162da940c872fea	11695	results/marsc/t04_robust/eval_test/e2_emitted.json	no
169b2270d4d9ec09f20d2e0567b66a6667c70469045d981d76b978a24224a320	2941	results/marsc/t04_robust/eval_test_single/e2_emitted.json	no
34d9722df2c3fd7302327df1810d935903bf6291cf7b55330a6e4ce3484b0cca	24350	results/marsc/t04_robust/eval_unisum/e2_emitted.json	no
7eb1e41d21b5a752a11dcab8ad6f12f4bb69c4160775308887362d405b8bbf2d	295	results/marsc/t04_robust/started.json	yes
64f7090c65f59f7b44a90f8bf47f4ed563cbd6c6816053893a2f0d5622758dbc	127	results/marsc/t05_mars2/SHA256SUMS	yes
e463580583a5c11008937f33ad63747f5fd7f33d4cab3397f36ec42041a84f2f	100	results/marsc/t05_mars2/complete.json	no
6ff199befc7d9cea2c927be80599732525619a08a7b78239a20a24ff0545f698	14650	results/marsc/t05_mars2/eval_test/e2_emitted.json	no
98b4895e7cf9c47137cab609ea87d44f9c815d607d70fc14d3758d24e6275cdf	294	results/marsc/t05_mars2/started.json	yes
e8b3fe7b801527c0e1802340bc511dc8d5f00f246789b994e1feb7e23320c9b9	100	results/marsc/t06_validate/complete.json	no
28f753fb173b2a4bf25dfb257b0a70752d8ff600e595e778d0bb8c2770675e87	2762	results/marsc/t06_validate/g2_precision.json	no
4ee8cd445a8f8d357e500609f7e7acac23e1b0b2df4f0994c03f1beb4d5c2a54	2234	results/marsc/t06_validate/judge_vs_human.json	no
a4988c31c810ff020c66467523143629dbd32cb17dfe8eac12badd344ec3e189	295	results/marsc/t06_validate/started.json	yes
fd4863c2488d83ddadca1f708d4493b0cbc8430f35e64ba81ffe699056764490	133	results/marsc/t07_curve/SHA256SUMS	yes
64f292c3c2d245239a5b58c977af59d9038b8fb1a558654a69bb23c6af5150a5	100	results/marsc/t07_curve/complete.json	no
c37e9318051fca8740f31a237011a89e83d21772f71420d8947699236c57e60c	9533	results/marsc/t07_curve/eval_validation/e2_emitted.json	no
1b4b6a1c4c30c39270fdf760c9411385339e13bcb71db4fdf65c2177092ba599	294	results/marsc/t07_curve/started.json	yes
135c1e07e8caf87ce1cab331b25af550a7156f0336979d8bf51fa28d904afbf6	100	results/marsc/t07_curve/t07-frac100_seed20260906/complete.json	no
109d2c475d8649c14b2306ed411e5c962f1d89d62c4a5a7a8944d98bf475f1d4	1431	results/marsc/t07_curve/t07-frac100_seed20260906/result.json	yes
346a11022cf9925bdde2af78a5567bbb1399e59a69430101cbf7d53df0a2f2dc	298	results/marsc/t07_curve/t07-frac100_seed20260906/started.json	yes
c35c4a3be9213aa821db7cf5bf1c65a4a253c424c8f21de14ec8ca5b466d2f4b	100	results/marsc/t07_curve/t07-frac100_seed20260907/complete.json	no
c0507d704680d21e1dcab0bc253164bd2f4fdf8d807b7c73e9f7282c12683b2f	1433	results/marsc/t07_curve/t07-frac100_seed20260907/result.json	yes
8db785828bdc463ced09f36ed6e9b92a9dfa4a9e9a918933ec9c0bf0823e60c3	299	results/marsc/t07_curve/t07-frac100_seed20260907/started.json	yes
84ecaf5312a8a23bcd027de434bac3abd4eb20368eee2d2f5872f02cdf640a85	100	results/marsc/t07_curve/t07-frac100_seed20260908/complete.json	no
a605af3f18afc94e6021bbca9d07c420e94c5f911c2f65f2adfc6fbe4ef6179a	1432	results/marsc/t07_curve/t07-frac100_seed20260908/result.json	yes
16bbc54f66a3200822a71f66ca5af44b7728ffdc02d10adafea3f41386429cdd	299	results/marsc/t07_curve/t07-frac100_seed20260908/started.json	yes
6c7a2721dd095c5434c464aca025120e5066b99b0b3402e070039481dbc1b941	100	results/marsc/t07_curve/t07-frac10_seed20260906/complete.json	no
94d95cea8cc8c9b6839be9866a69ded577c956bca6d3a0cd07e563e84f83a319	1426	results/marsc/t07_curve/t07-frac10_seed20260906/result.json	yes
ba74b461fb4cafa08880d6f873a83ee08391ed4417a8fa38599c5c7e32ff0b3f	298	results/marsc/t07_curve/t07-frac10_seed20260906/started.json	yes
34851004eafcfc2601c3fa60c1bd6da9964a90ad06b1dea0f862a99400cae3d4	100	results/marsc/t07_curve/t07-frac10_seed20260907/complete.json	no
a30eefe1326f3efb468e7b78d5aaf1d599c6a584d487b99d9d516d8acac5f0ea	1425	results/marsc/t07_curve/t07-frac10_seed20260907/result.json	yes
b92a8f243102786a9ee47f617f8c49fdecc30d4b5a7d076a405d7b4354c84ca0	298	results/marsc/t07_curve/t07-frac10_seed20260907/started.json	yes
f2ae28118a1aa99d433fcfabd6bc525d2be7afaf882bf0f7fb9579170f1d89f3	100	results/marsc/t07_curve/t07-frac10_seed20260908/complete.json	no
361089e095d82dd2683e18514ddc3752427e7a5079436e97a3d7f26683756919	1426	results/marsc/t07_curve/t07-frac10_seed20260908/result.json	yes
4ed82840fc39ed94ef612248987957b0b9726c6e8889c5378a1966cdeca8d8d8	298	results/marsc/t07_curve/t07-frac10_seed20260908/started.json	yes
a733a798533b8682698c79f94711e6ab88c48d4b8b499bf131b4758cb7aa27c0	100	results/marsc/t07_curve/t07-frac25_seed20260906/complete.json	no
c18def8c684f7f926cc5adc4d067be892a9c2526077d7e908eee1da72f496c7d	1427	results/marsc/t07_curve/t07-frac25_seed20260906/result.json	yes
38582a9c198bec87f17d230435039e12ef3be5c633d1fa0ae20358bced7ec0b1	298	results/marsc/t07_curve/t07-frac25_seed20260906/started.json	yes
3faaa133099839a894e9c43ec3d772eea5ec0b34c9c54aaa7374bb76822cc88a	100	results/marsc/t07_curve/t07-frac25_seed20260907/complete.json	no
36564ca2255280cb98d39f455964ac8e6c9ee349357ce0df74f68aef2ab2a85c	1425	results/marsc/t07_curve/t07-frac25_seed20260907/result.json	yes
2f4b7adc1fca58de099b9cf446904c564222d9f8c7b55839ed26c2c2c4c52e52	298	results/marsc/t07_curve/t07-frac25_seed20260907/started.json	yes
b703256d47c69ef41365d984717ec2b9950e479b47ba23b55871e333f82513fa	100	results/marsc/t07_curve/t07-frac25_seed20260908/complete.json	no
45c7e06e1c00b801b06a84b190f1ba1d76b1fc66923dbb7c38c31e4442dc5f0a	1425	results/marsc/t07_curve/t07-frac25_seed20260908/result.json	yes
4877fe60a5e72a1fd66b2630329b67755e70677b309e0aad67e4edfc87dfd270	298	results/marsc/t07_curve/t07-frac25_seed20260908/started.json	yes
7f624ec729c09bf472aaf61f2ecc698080751b1b5cc5ab6700fa1f3a4e5ee145	100	results/marsc/t07_curve/t07-frac50_seed20260906/complete.json	no
a25001e3f63f96220992def53fe8655e9030ad1ee56b2cb16e951e12a9a62478	1430	results/marsc/t07_curve/t07-frac50_seed20260906/result.json	yes
adcc415de982de708b18cc3bfa849a7fd3a3c6553b1ec1e1a5625f950832da1c	298	results/marsc/t07_curve/t07-frac50_seed20260906/started.json	yes
0a2d6f450227f07cf4765b513fe0f352780cb4b9b6d31f96b1a1296ac0995cd1	100	results/marsc/t07_curve/t07-frac50_seed20260907/complete.json	no
100e5ab0975f446f192cd6bb96c5b3678fc96bcfcd2c1a3ab82aceba2db155ea	1428	results/marsc/t07_curve/t07-frac50_seed20260907/result.json	yes
b49f3a463b4a36035d4b920b9f6e80bce559995b398117abf4edc8fd5bc303e5	298	results/marsc/t07_curve/t07-frac50_seed20260907/started.json	yes
88dae2b4cfbabff28e9ada452bf4ce111d8eae9af19fdb7ecdd49c2e74ae3fe7	100	results/marsc/t07_curve/t07-frac50_seed20260908/complete.json	no
e099a30a7b439016dde1a08fb966aad7742644be36ffbabeb73c4d755547cdb3	1429	results/marsc/t07_curve/t07-frac50_seed20260908/result.json	yes
53f603cce8fb5c79d3ac5ffbca5f556705c1b829f442bbbe157d11f794d3558c	298	results/marsc/t07_curve/t07-frac50_seed20260908/started.json	yes
530513fbc345b9b618aca96569a72b32368eef93e75a7a51d7cbc74625e6a597	252	results/marsc/t08_agg/SHA256SUMS	yes
fb695124b68b4da35ae620aa1db460b1bea09d2922830a32bff00c33e830852c	100	results/marsc/t08_agg/complete.json	no
6f201cf0b5779118c34b240dac8c6e84b9beb113249916452e6af691eb2986d2	17085	results/marsc/t08_agg/eval_test/e2_emitted.json	no
d63e44afca012cdfeabf7947083d19aef0f26b46832b36fcec4ecc563ced76e2	39204	results/marsc/t08_agg/eval_unisum/e2_emitted.json	no
8d3b914538c9bfd6abfb78b7f1fec5467cd9aecef9570a5876b13b2f49065cfc	292	results/marsc/t08_agg/started.json	yes
ac0f0cc4f9ad3b1cbab898da9d542240bd4da48990b7802a7c73885899aa527f	2619	results/marsc_strengthen/a1/SHA256SUMS	no
5619a6a2d1412d06acf403f4cf06f5b64b4c64833bfc5cbf28545880b760629d	13654	results/marsc_strengthen/a1/a1a.json	yes
0dbc3ac570b2c7e96922709dfe6dcf6b67fdfb9f165a627ded18d49c92fd2d30	20933	results/marsc_strengthen/a1/a1a_inversion.json	yes
e83945a81e1118163c1ad258664f47c614e431066c49ef54496acfff809b2b1b	10185	results/marsc_strengthen/a1/a1b.json	yes
7f6bca423d5332b75f59f0b2ec2fad31852eb32de1206452ddbb2dc4fb95cf96	3712	results/marsc_strengthen/a1/a1c.json	yes
26e7c81101fb404767e187d41c7490fe731a6a37bcc8d65f5928782e5fc8f51c	7558	results/marsc_strengthen/a1/a1d.json	yes
d6ba19d5f0d0e61ae1a27e3f1f2fb8752cdce95e0cd1f6189528da6b8f891ef4	2114	results/marsc_strengthen/a1/a1e.json	yes
072b14e13c19b1c61bd64fe55de8bb8eac5a97f2f055758a49ab2034e5eea21c	100	results/marsc_strengthen/a1/complete.json	no
6137c9cf49fae97122c8ed27e37e564e9bcb2de234a801d5bb4f354aaaf0cd4f	18159	results/marsc_strengthen/a1/eval_curve_cal/e2_emitted.json	yes
6a2c8bc19ee8024f898f8e644e6f495d6c9acdbdefc7e341c2b93f23fa5fafe6	18152	results/marsc_strengthen/a1/eval_curve_raw/e2_emitted.json	yes
393c2fa74379426942e7fd65d5a1ff2ec5a3e6e5d6924ae268a5e8a5729745a2	129413	results/marsc_strengthen/a1/eval_val_cal/e2_emitted.json	yes
98d3dbd01f78f7648dab2c22a1ea2d10369ae826ef8ad734ad20ef78be63627d	129419	results/marsc_strengthen/a1/eval_val_raw/e2_emitted.json	yes
23d879bf8e4966ea443c81f7578429f527f62d1802d51e316500d48ca2f320eb	667	results/marsc_strengthen/a1/records/invert_primary_seed20260906.json	yes
29004ca77b64691bd457cfeffcb65e50b15e8875fe5e650b8436ebcc9cf2da37	668	results/marsc_strengthen/a1/records/invert_primary_seed20260907.json	yes
bb96d693ab9f44e11301e76fa0dfe5e3e010660fc99d5e6105edb999bdc97416	668	results/marsc_strengthen/a1/records/invert_primary_seed20260908.json	yes
219d106c2f4509f61ca0f74003c240c6a574b886b054c694f9eb9a05eada8d51	633	results/marsc_strengthen/a1/records/invert_t07-frac100_seed20260906.json	yes
a4552fd3c30ee810ab38ad69a57a47a83ec09d33f233081669297f75a090741f	634	results/marsc_strengthen/a1/records/invert_t07-frac100_seed20260907.json	yes
2c34bceffc2c5d0613b44d0e12af12c08ed4442b7c2c823c43171c42fd6252e2	634	results/marsc_strengthen/a1/records/invert_t07-frac100_seed20260908.json	yes
ebc6dc36384d7f8c5bbe5cd74401bdc8e5263420f9edb2c8ff34c8f518fa5812	630	results/marsc_strengthen/a1/records/invert_t07-frac10_seed20260906.json	yes
0dc23483e8986b7f9221a2a3b002b0733922c19772c94777294cba3b6a7cd5d5	629	results/marsc_strengthen/a1/records/invert_t07-frac10_seed20260907.json	yes
e4a58b985f3a9b7fc11635cc2e3b5bf540712fae96cc5fca8d5ed10fb2d26dae	630	results/marsc_strengthen/a1/records/invert_t07-frac10_seed20260908.json	yes
a071706d8b69b2c86e776966b11bd0eeafdfd74a54dab4d5bfe12d5d38721ab8	628	results/marsc_strengthen/a1/records/invert_t07-frac25_seed20260906.json	yes
d063197c0e0bf9b5486eed8fb0b4dfb3abb431ec76e9c941c65663a1672eccde	629	results/marsc_strengthen/a1/records/invert_t07-frac25_seed20260907.json	yes
a0576f6e4199a486fe672306acae6f69187e15f99374d0ebe5e273c719b06f8b	630	results/marsc_strengthen/a1/records/invert_t07-frac25_seed20260908.json	yes
9e9ae198ef05815fd55867dd13426b6cee681583a6b841c1fc304dfa7efc8d97	632	results/marsc_strengthen/a1/records/invert_t07-frac50_seed20260906.json	yes
367aecc6b7f25a5441047aff767e6e006590ce4768ddf57eba2038045d760d09	630	results/marsc_strengthen/a1/records/invert_t07-frac50_seed20260907.json	yes
dabf9b492f760637f64894334bd5b724331d4e8e01894987a247d31e37845d0b	629	results/marsc_strengthen/a1/records/invert_t07-frac50_seed20260908.json	yes
14f8d28cdd427e8333f7db6dfab9ad86adf232b52ee9b8da494ea11672914ba9	290	results/marsc_strengthen/a1/started.json	yes
60bd052244cad959fb8e3ff5d3280980c6f825409074a6fe4409d82a2c8071a3	830	results/marsc_strengthen/a2a3/SHA256SUMS	no
cad67be157fb2272fa254b2927b2ca341529bc9ae32fd43851d5c7f966408648	4731	results/marsc_strengthen/a2a3/a2/a2_crossed_precision_docclustered.json	no
2224e3f9e4ae900da219ad15471cf2efd20e61457ee192588a6df77eee6f384b	61780	results/marsc_strengthen/a2a3/a3_as_annotated/a3_human_precision_docclustered.json	yes
72ed87daea40768170f908e89066ece0b29f6a02116d45ff644c9594edcb38a3	31833	results/marsc_strengthen/a2a3/a3_corrected/a3_human_precision_docclustered.json	yes
9b3e118ef76a313333f448b29a6db6845e1b88a216c37e09e3f78d888b826668	31641	results/marsc_strengthen/a2a3/a3_reweighted/a3_human_precision_docclustered.json	yes
2ffd2661ab5c1413eeac85082ac4d131f104e4ab1ea50fd4dbdb6baba1a8a1a5	5589	results/marsc_strengthen/a2a3/a3b/a3b_annotator_audit.json	yes
bc5b62dd5472d4840147cba755d0ff2bc48cf9068d87d4c6c285e49f25b67d28	14602	results/marsc_strengthen/a2a3/a8/a8_ci_site_audit.json	no
5902fa0c910e0ae6aac2d92572a5875b48e80cdf88b7314a6a6412e4b0fe7081	100	results/marsc_strengthen/a2a3/complete.json	no
1dbbc25216b2c766817e1ef29c82769a1f32fddcbbf03c4f8078ab9ead09003a	300	results/marsc_strengthen/a2a3/started.json	yes
ce8c487fcd0e5cf338837c5ce1b564c01fbc076a52a5a8c0d8179df19cf38444	687	results/marsc_strengthen/a2a3/superseded_inputs.json	yes
feb4b0dfe2973f8a7e6335af98ee6c62ca0292dac5ec47c4bd20bc197d9dae5e	3395	results/marsc_strengthen/a4a6/SHA256SUMS	no
9680226549f3a463ec9f76ccdd2b35705cfb4e9fb739a667c7db28b324dc3e99	7740	results/marsc_strengthen/a4a6/a5_seedrank_audit.json	yes
7e1ec40fbc901e2003c8c76ce67ce86b7555eb2e30e242f52fc06daab66e168e	2061	results/marsc_strengthen/a4a6/a6_b1_census.json	yes
492fbc14167cd7df6b7462e73b9cdd0b4151383f3affa6273ca6b94495221792	100	results/marsc_strengthen/a4a6/complete.json	no
0c0eee2c8b7020610d7d6cc2cf3e310f395a84422fb9c203c723a5ac36e00afe	16195	results/marsc_strengthen/a4a6/eval_asym_test_j20/e2_emitted.json	yes
be3523b450e07a075633b18f2be742a821938f84b94240dceb78b7116e5de0b6	15938	results/marsc_strengthen/a4a6/eval_asym_test_j34/e2_emitted.json	yes
fdba14f2f400f58a893e5a7213347fae5d41f98c663930a581c4fc09455473a3	16158	results/marsc_strengthen/a4a6/eval_asym_test_t1/e2_emitted.json	yes
b6df2cc8c756e4eec7dcb84c48a64849d7db6187e05131a88d5f55139bfeb097	16206	results/marsc_strengthen/a4a6/eval_asym_test_t2/e2_emitted.json	yes
c871d664a9169fdcf48770082b4dd58ba410554ad9082590936d724b9e8e1cda	16160	results/marsc_strengthen/a4a6/eval_asym_test_t3/e2_emitted.json	yes
7e53e529df9c526a7d843d54023e244af78849b341d92e95157c4617b21af135	19000	results/marsc_strengthen/a4a6/eval_asym_unisum_j20/e2_emitted.json	yes
7cad74e1d6868bb10b284a508e3c283ea7ba3adee1395a6e824411abb849a452	18601	results/marsc_strengthen/a4a6/eval_asym_unisum_j34/e2_emitted.json	yes
4862e80f10febdf3a2cac5476e87f5c2d4d48e1ed134e0f17e8c6f746bef1a02	19043	results/marsc_strengthen/a4a6/eval_asym_unisum_t1/e2_emitted.json	yes
cc80e7d51f34b694c97036310fef70531dbc3f515990a70d49981bd6755a3f15	19099	results/marsc_strengthen/a4a6/eval_asym_unisum_t2/e2_emitted.json	yes
05a3d463e3ec9a47f9285b64e5f3ae000b6c095679ece09aa9e277b39f21ce2a	19019	results/marsc_strengthen/a4a6/eval_asym_unisum_t3/e2_emitted.json	yes
982058f76c9f2d41ae3be1c6429f9581b31db642d92ee9021978b868d6ecd1e7	11684	results/marsc_strengthen/a4a6/eval_asym_validation_j20/e2_emitted.json	yes
eb501f891d83a768ac056833cf97417ebe9dca7beea42236e610d6afc6ecf686	11627	results/marsc_strengthen/a4a6/eval_asym_validation_j34/e2_emitted.json	yes
bc3ae3ea1cdd849a0a77563c78a931c4b8ccd94017bd53b6ee7955fc5c9048b7	11656	results/marsc_strengthen/a4a6/eval_asym_validation_t1/e2_emitted.json	yes
d887b10e42de68046904c187d21917ddcc7cf471c92fee639ff649ca7dba14ae	11654	results/marsc_strengthen/a4a6/eval_asym_validation_t2/e2_emitted.json	yes
dbe1abb8f247a9678082e31dc80634b24dc60e89c270765d1d51526040e063fb	11583	results/marsc_strengthen/a4a6/eval_asym_validation_t3/e2_emitted.json	yes
a24ad5175ac043f4b2cc64f2ee4b152703d52fd303df2bce1b6476e49c9fd9dd	16144	results/marsc_strengthen/a4a6/eval_sym_test_j20/e2_emitted.json	yes
2c0b0f79dacbe0b2cbeeabf9c7af7380c6a0ee5dc585cafb1e024ee5915e8daf	16130	results/marsc_strengthen/a4a6/eval_sym_test_j34/e2_emitted.json	yes
75b88e1e5ae4b347301dacaf5c77dd31e3f6cbba2f7084015aba2022d371b9c2	16157	results/marsc_strengthen/a4a6/eval_sym_test_t1/e2_emitted.json	yes
72d28b2af45d0f656797c39751a2145bddf12faa3244409863b103c7339a4fde	16205	results/marsc_strengthen/a4a6/eval_sym_test_t2/e2_emitted.json	yes
7e5d5ec0ca95f7a6c98695b3b0cee3a8c420c0869557a55d5851aca3d1cfdef3	16159	results/marsc_strengthen/a4a6/eval_sym_test_t3/e2_emitted.json	yes
729b42e6096bf8679f4c3dcb8b635144a19086e1b03fdf4067f244d31dac094e	19070	results/marsc_strengthen/a4a6/eval_sym_unisum_j20/e2_emitted.json	yes
297b4ec39108bb297a05bf84b77cd339b7b86f22773225733ed5db72480b1e35	18680	results/marsc_strengthen/a4a6/eval_sym_unisum_j34/e2_emitted.json	yes
7f50499c983720c029f97da9d25a4dee829d2548d7e0c519f7c57d8a9ba353e8	19042	results/marsc_strengthen/a4a6/eval_sym_unisum_t1/e2_emitted.json	yes
3565bbc800b5237349ccdbb93bf88b08fcbd093e40448af24f379304cb909cd3	19098	results/marsc_strengthen/a4a6/eval_sym_unisum_t2/e2_emitted.json	yes
23758b86797f63c13dbb5a03fd880797d6eb667b9f2b79bafc7ccaf2a0bcfbd4	19018	results/marsc_strengthen/a4a6/eval_sym_unisum_t3/e2_emitted.json	yes
0e4fb437d3e7fb9f2afa9ca8eb1a9418b6e75b3d31a7e19ba0dc91d57eb1ea7d	11659	results/marsc_strengthen/a4a6/eval_sym_validation_j20/e2_emitted.json	yes
3805130395a51198c21bbab03bc1599fa941a5171598b7eace96765d8b48e401	11674	results/marsc_strengthen/a4a6/eval_sym_validation_j34/e2_emitted.json	yes
311a7cbbb5f7501d8d1cdecc1d748422a59fc29708946143c3f873ced9494e97	11655	results/marsc_strengthen/a4a6/eval_sym_validation_t1/e2_emitted.json	yes
a9f4dd81959aa4636ecdfda8662787d53383f698365cef2577156c5c368fde07	11653	results/marsc_strengthen/a4a6/eval_sym_validation_t2/e2_emitted.json	yes
0e7aa5c236e7d14c213258e7fba24a8d0541b95f141afc8f352301a830885031	11582	results/marsc_strengthen/a4a6/eval_sym_validation_t3/e2_emitted.json	yes
64afdadd545a559edf81dcf3fac05c686690310fec83487a40dac51722eaf34f	290	results/marsc_strengthen/a4a6/started.json	yes
29dae005f864d939d666363f5f54de7645c7c172f263bebdefb8061a31148ed9	297	results/marsc_strengthen/b0/pilot/started.json	yes
d666d43467d3827984dca7d9d44012ff68202cd56a00362545b7e7cfd497ae42	583	results/marsc_strengthen/b0/test_distilled/SHA256SUMS	no
5e5e7834a2dc76d71aec52a067fbc0058008945fbc3a949b9ec92811a4a579ff	100	results/marsc_strengthen/b0/test_distilled/complete.json	no
7848fccd4da0541acd0b9d87d4f047434e86f7c50ce98394a312e17a91d9ec89	15160	results/marsc_strengthen/b0/test_distilled/control_gaps.json	yes
d38a79e04b5c9d544664c9b9fc4f73f18bb4287b16e9d44db6bb6a751791fa6c	53869	results/marsc_strengthen/b0/test_distilled/eval/e2_emitted.json	yes
09dd3fdeb0bc1bd52304db52f3366e5aaa8d582065af6b03d02fd1c3add5ea86	304	results/marsc_strengthen/b0/test_distilled/receipts_eval_real/started.json	yes
7f26e2a98fdd0b9a4d31dffb14e25b03016a85966a7460a3f8c7eff5dc83f477	310	results/marsc_strengthen/b0/test_distilled/receipts_score_empty/started.json	yes
13d55bad534be841195eba11fb7f121b77dd4405fe5e3f8ca8c8566d7abb46b8	309	results/marsc_strengthen/b0/test_distilled/receipts_score_real/started.json	yes
bdd9536cf3bf299034357e5085b6ed393182f490790cc15dcd76feaf5576224e	313	results/marsc_strengthen/b0/test_distilled/receipts_score_shuffled/started.json	yes
27b5da18a7226e9b64d3ba76a6efee65e5a57301b2be5fd35c4e8442eecea951	583	results/marsc_strengthen/b0/test_gemma+ent/SHA256SUMS	no
bf517e8aa5fcdaa786e805f1264461084cb45522d4f01b9e69f6cd41ad95cfb8	100	results/marsc_strengthen/b0/test_gemma+ent/complete.json	no
761197724eee13fe411030ce150c44aec3ce18b0f659ac62eed29ee6667f6a65	15139	results/marsc_strengthen/b0/test_gemma+ent/control_gaps.json	yes
3440cacb189f7b487c242a7f358751d6471845f42cbfba9bcd5e7dbe7aeacc7b	53797	results/marsc_strengthen/b0/test_gemma+ent/eval/e2_emitted.json	yes
76e3c2a200362f1473546639f4fa3684c08f1325cf6fb4b0a5e550492a8d1d79	304	results/marsc_strengthen/b0/test_gemma+ent/receipts_eval_real/started.json	yes
54190ea57ad2bc8c1dfac0579cee0e1e670d921245b08fb7a69e8229fdd44d4e	310	results/marsc_strengthen/b0/test_gemma+ent/receipts_score_empty/started.json	yes
0ac6ebc454c19208558c1d6304b9e4942853d84fe0631f65cd74b9337339d66c	309	results/marsc_strengthen/b0/test_gemma+ent/receipts_score_real/started.json	yes
0b58f553244f37d425e53bdc5e20c73eac97783b1035d3f24b2a6ea6f58cec25	313	results/marsc_strengthen/b0/test_gemma+ent/receipts_score_shuffled/started.json	yes
c40f052208ab07b23f2ad4548dc299a960de636980ab441a8c239c2b3742cb0f	583	results/marsc_strengthen/b0/validation_distilled/SHA256SUMS	no
bc49a46926d274208614c61c421ae828b162925e5e53732d12ebe380aeaba27f	100	results/marsc_strengthen/b0/validation_distilled/complete.json	no
c44f792c7b1da969f8fa5757b0e652a8b594ad96565d27ae1053b772d9fb0d03	15155	results/marsc_strengthen/b0/validation_distilled/control_gaps.json	yes
ab7f8815e6dba38cadb5374963c8a83185b6a1e642dc2d2718e2d5ba97943d13	54339	results/marsc_strengthen/b0/validation_distilled/eval/e2_emitted.json	yes
1a710e1748f17ead3ef972eeb2e11bc139902ae8026390cc51a2dd8fba5ec6fc	310	results/marsc_strengthen/b0/validation_distilled/receipts_eval_real/started.json	yes
dd16c968a30471c2d266055241c451d0175c432a3c66078ef1c3a49749076a15	316	results/marsc_strengthen/b0/validation_distilled/receipts_score_empty/started.json	yes
bb9f3db04e97515412d0b1ae4a3f109f641166a0d22619e05aaa3e9d358d85eb	315	results/marsc_strengthen/b0/validation_distilled/receipts_score_real/started.json	yes
92a96f355d8744460ee9f2fb1d9bffa9bae59dcc959f5118b44f6567b9a453b3	319	results/marsc_strengthen/b0/validation_distilled/receipts_score_shuffled/started.json	yes
6bb7e88806b0bed849a435f384997d338b7f40e8c03f3e45b388e5ea9b93f610	583	results/marsc_strengthen/b0/validation_gemma+ent/SHA256SUMS	no
e957efe1d95b8123359381bc20b63348c791e3926411ecdd6e5b2376295c7fbf	100	results/marsc_strengthen/b0/validation_gemma+ent/complete.json	no
47e7a1bd864295a0a42a37b8e841aade4838d939390c020b6e2b002a1379ea58	15163	results/marsc_strengthen/b0/validation_gemma+ent/control_gaps.json	yes
380606a6409da4765fe495ff19d22f4bf98e6523528a4680057e16375630c562	54219	results/marsc_strengthen/b0/validation_gemma+ent/eval/e2_emitted.json	yes
be399c570470c1e05897560823ac3011c0dca3184d4c60bf4e40563c4e20d6b8	294	results/marsc_strengthen/b0/validation_gemma+ent/receipts_eval_real/started.json	yes
b9d0d73425a6f35dcf31d2112d5b1e80985c5b01f74983800297e329a045734e	299	results/marsc_strengthen/b0/validation_gemma+ent/receipts_score_empty/started.json	yes
47ce113e3dab8adf19f32aeec43c6b2590352d46e6f2299be6703245ae9d018a	299	results/marsc_strengthen/b0/validation_gemma+ent/receipts_score_real/started.json	yes
d54d1a0df4cfe1660667350cf7c0380cf3e476bc9482538805d58db0fd54da75	299	results/marsc_strengthen/b0/validation_gemma+ent/receipts_score_shuffled/started.json	yes
67f70caf057665f5e414e1da698a3c81c4fbf897518b44f39dedd3dbe5774d32	163	results/marsc_strengthen/b1/pilot/SHA256SUMS	no
962c1de20ebb167b063c6a438154d38801f5524d5ad22eaff58b78f974fe8c6a	842	results/marsc_strengthen/b1/pilot/b1_pilot.json	yes
6cc84d0127fafa38069ba0d770715f32845d7f7d4cd5d42a183363e32f78a6e3	100	results/marsc_strengthen/b1/pilot/complete.json	no
0cc5f1d310101616f57834e4dfed8b3ce7748190810814ff44a22a69892b2cb1	295	results/marsc_strengthen/b1/pilot/started.json	yes
766ac1ac23be48af4f030392d86306fadd037443c0011af1a3af537d83c0243e	100	results/marsc_strengthen/b1/smoke/complete.json	no
3f26cb11e42808e2678286488088354c45dd90a19037b52dc5e2515c79b1fdf5	606	results/marsc_strengthen/b1/smoke/parts/b1_manifest_distilled_real_1of3.json	yes
b5fab80ad9ded3809b2ef2e03e7730b5fed70a623a9baeb8f04f4f35f8ac79fb	608	results/marsc_strengthen/b1/smoke/parts/b1_manifest_distilled_real_2of3.json	yes
49b837304af8c189ad054735c344a988c547efd781018d43bad2ec9b1be5df05	611	results/marsc_strengthen/b1/smoke/parts/b1_manifest_distilled_real_3of3.json	yes
c7bff557ddd778cd242f1423d9043b8a1bd329cf18520109946e5556b514109f	295	results/marsc_strengthen/b1/smoke/started.json	yes
c7fe4474c987995c32b4c7a7ff171b8982041286ce1cf0e7cd036bb9d9eeba88	100	results/marsc_strengthen/b1/smoke2/complete.json	no
062ce5c7809b8ed64a774c4ed798fbe5d5f80b4a4b5168594847f8bb54396cd7	621	results/marsc_strengthen/b1/smoke2/parts/b1_manifest_distilled_empty_1of1.json	yes
e115525b7fb45a28450cad7bcb1bbaa8f91b7d973b570e94f5a5746254958bbf	607	results/marsc_strengthen/b1/smoke2/parts/b1_manifest_distilled_real_1of1.json	yes
61915c594094e1100f4cb2f7b83f89dabad4e3876d6ba35f7c02367fd9d13031	621	results/marsc_strengthen/b1/smoke2/parts/b1_manifest_distilled_shuffled_1of1.json	yes
f5982642e1b7a45697906c879272e78161724165a02619774f0fca4a1b2b67cf	291	results/marsc_strengthen/b1/smoke2/started.json	yes
4c33bb28c27905518a0a0aeb5726134cee705e01ef02671fc68d5992471b9f3c	2446	results/marsc_strengthen/b1/test/SHA256SUMS	no
80c18bb058ad908ca3b072c16000940dfb3b7a14e0ac5905babbe35e29a85572	100	results/marsc_strengthen/b1/test/complete.json	no
04592a105340222367b810330aac0fdf0a6e9e5c56acdfddce052ac5f9211e67	126183	results/marsc_strengthen/b1/test/eval_test/e2_emitted.json	yes
e64ea366cc493438aeae5d7d7151c4af07ccee282276fc969bda03e1bed34726	1172	results/marsc_strengthen/b1/test/parts/b1_manifest_distilled_empty_1of1.json	yes
aeaf5fd715523236463e83a9c6b977acba45f71f257d9a9fcd62d8ae6eaf7d7a	1137	results/marsc_strengthen/b1/test/parts/b1_manifest_distilled_real_1of1.json	yes
379a5134ce67a749459b97e7bb2654e5b227240112302ac3f9e45884fcd9cee3	1165	results/marsc_strengthen/b1/test/parts/b1_manifest_distilled_shuffled_1of1.json	yes
1741fc23130c44a5f28cde7720510ef2b02eb02b00f6fc548940c7ad0511c853	1168	results/marsc_strengthen/b1/test/parts/b1_manifest_gemma+ent_empty_1of2.json	yes
4b22b6a5d0006afc4f862aee7890bfad9fb3d246d0334f2053b5ee8721101d66	1172	results/marsc_strengthen/b1/test/parts/b1_manifest_gemma+ent_empty_2of2.json	yes
80a890cabf2810437558066b8df66c94a6aae163217853892169399a7bbebd47	1137	results/marsc_strengthen/b1/test/parts/b1_manifest_gemma+ent_real_1of2.json	yes
343cd15c1c27e8a63f1d8a6592f7e0cfe8dfa86c014c7d8e311a49dc2a78c39c	1141	results/marsc_strengthen/b1/test/parts/b1_manifest_gemma+ent_real_2of2.json	yes
327913c3d8ad25f98d1e3fd9ef1960679f70561a50fbe18b379ee96447892bc7	1165	results/marsc_strengthen/b1/test/parts/b1_manifest_gemma+ent_shuffled_1of2.json	yes
abb9f367a4ffe1b4b2c1158b9441e663852ec3dc8a535f2798e742d030dce32c	1170	results/marsc_strengthen/b1/test/parts/b1_manifest_gemma+ent_shuffled_2of2.json	yes
086e45015ed6327d2fd5e97c3f2a68459c6d97ef5928c37440d5a1484974a266	304	results/marsc_strengthen/b1/test/receipts/task0_distilled_real_1of1/started.json	yes
cee4adaa9c9bb49d9c74adf84b0630a2ead239aafa3f4daf4bfebc578438d98b	304	results/marsc_strengthen/b1/test/receipts/task1_gemma+ent_real_1of2/started.json	yes
30a211e4f6cd950b683bd564cff45e1797eb43f2d24a4fe74618cf3d180142c5	304	results/marsc_strengthen/b1/test/receipts/task2_gemma+ent_real_2of2/started.json	yes
8e92f1f3963803f7c022252919345fc41d3d6037aa4de0cfd362aa87514dd0db	304	results/marsc_strengthen/b1/test/receipts/task3_distilled_shuffled_1of1/started.json	yes
c57bf8a846147f2f3db7174f1772f80dbf5508d53eb247b993cce6a7795555c5	304	results/marsc_strengthen/b1/test/receipts/task4_gemma+ent_shuffled_1of2/started.json	yes
6f997f5aaf4909c4a4a9e54503d87d7018f74b69a3ea10e9d055702012d06961	304	results/marsc_strengthen/b1/test/receipts/task5_gemma+ent_shuffled_2of2/started.json	yes
594bf5fc629875ffb60eaae219e417b25f7c195c962de4b32e31634f42eb3eb5	304	results/marsc_strengthen/b1/test/receipts/task6_distilled_empty_1of1/started.json	yes
8257295e959cb0eec516aa716904703744ba0e75ac67e29a6ccf6a909c54dedc	304	results/marsc_strengthen/b1/test/receipts/task7_gemma+ent_empty_1of2/started.json	yes
26ac94e23fdb92aba2b444b52dfbfce67108fa04b77081c940a6a68ee526e558	304	results/marsc_strengthen/b1/test/receipts/task8_gemma+ent_empty_2of2/started.json	yes
dfa7f667a10ab4711d1d92986d3b747b16b692d71768c6a3bc28f2e1d824fc36	294	results/marsc_strengthen/b1/test/started.json	yes
0d15ad753b3b86681c932e86409c33e6bede9c8910dc1e4d3a232330d5e094f6	1761	results/marsc_strengthen/b1/validation/SHA256SUMS	no
fc7ddd8520dfc0735fced6581de6be8e917b978da18c0f73e274cdde88cc5374	100	results/marsc_strengthen/b1/validation/complete.json	no
01c067aa3b9380e605426ab119453de9e3f04484d9665aef72a4b5b411b48544	126861	results/marsc_strengthen/b1/validation/eval_validation/e2_emitted.json	yes
5a51dbaf42091c68058dde9aa76bfb094eb25d2fa7c544b1121a556f511afc89	1180	results/marsc_strengthen/b1/validation/parts/b1_manifest_distilled_empty_1of1.json	yes
2edbba3f6028add2d9b65e730ca6af113473d1c17805d82bb2481823e896b95a	1151	results/marsc_strengthen/b1/validation/parts/b1_manifest_distilled_real_1of1.json	yes
68feb5b24c00549ba51b472647f206f18ad24e21ce44eb33fd3551840da0c729	1179	results/marsc_strengthen/b1/validation/parts/b1_manifest_distilled_shuffled_1of1.json	yes
3163ba1295d71ecd23f39dfe6f201292bee3d72c995eda580e9cc6dff0ae14b5	1183	results/marsc_strengthen/b1/validation/parts/b1_manifest_gemma+ent_empty_1of1.json	yes
7ff324660135fa3b5f3ef6dd5a52d77c5603145ccb2fc5905ab076a7e461c6cf	1150	results/marsc_strengthen/b1/validation/parts/b1_manifest_gemma+ent_real_1of1.json	yes
7c505a150659234a0dc0874855340cb7338c7e282a5fa384d9174a92466f3efb	1179	results/marsc_strengthen/b1/validation/parts/b1_manifest_gemma+ent_shuffled_1of1.json	yes
e77a499119c6e0f12f7ffbde60d953d4acd9cdac1f1e85756d657e912058c0b8	303	results/marsc_strengthen/b1/validation/receipts/task0_distilled_real_1of1/started.json	yes
42c8f6b42e80f96fa8823473c5aba2c3b9d3c1c7b152375092a62e5ef7c3bdc3	303	results/marsc_strengthen/b1/validation/receipts/task1_gemma+ent_real_1of1/started.json	yes
f7dc7bf875c5a78a100f9e3bd01c28fc81a2cba4a535147f3dc748b9ff9e2170	303	results/marsc_strengthen/b1/validation/receipts/task2_distilled_shuffled_1of1/started.json	yes
09669a795a3316d55fed8ed3f76acd365d5c09a4aef5d5850d339978d84dbe1c	303	results/marsc_strengthen/b1/validation/receipts/task3_gemma+ent_shuffled_1of1/started.json	yes
01a3bac84f0116fc5f873779bf891266823598f0fab09ce3ddb4aa6cfd7de62d	303	results/marsc_strengthen/b1/validation/receipts/task4_distilled_empty_1of1/started.json	yes
e00d92683c6d8a60fa62f8cfb5361929dc07d01f423da3614eaae1592bc3efe8	303	results/marsc_strengthen/b1/validation/receipts/task5_gemma+ent_empty_1of1/started.json	yes
422b20c364a14a0408bec3c0d1e54cc136538989281bc0dc8f19dedbe5ef5e96	293	results/marsc_strengthen/b1/validation/started.json	yes
488662988d8dbe7c0c3b331ff132b65a60641d95c4db60c5ef7746cd74c38f1a	100	results/marsc_strengthen/b10/test/complete.json	no
2780cbeb8d8c6dc06530c0f3704127ee355068202dabab83d113ca716adc0752	300	results/marsc_strengthen/b10/test/started.json	yes
e53323653c3107fd14821419dca736e2d89b7907e6dc9d04c96c1cb17baee2ab	100	results/marsc_strengthen/b10/validation/complete.json	no
cffcbd28f5643923489603dde750746a66dd832455b1dde5e289c1594c38ff47	300	results/marsc_strengthen/b10/validation/started.json	yes
a41b1ce4a18eaf141c17762eead1e9722c2e6d797dcb6a95d8f29cb3def8b12c	13750	results/marsc_strengthen/b11/cost_table.json	no
ba67241f98a96563afd64406ef713c54f27909cdf111571b596cf330283a5562	100	results/marsc_strengthen/b12/test/complete.json	no
9943923f652b3d85e6c7463d0cfe0a3b8f1f2c545749a117613629de25d3911b	13675	results/marsc_strengthen/b12/test/crossed_families.json	yes
efd37a836ba93e9c17fda6bdaf75ce59767aad86604f44ddef771ee0e937fc3f	301	results/marsc_strengthen/b12/test/started.json	yes
2dfd466622fd993edbcc15d59cfdae1c914a19459c8127f3e58a83f9a9121747	100	results/marsc_strengthen/b12/validation/complete.json	no
a2929d2e75730aec96fa1c4ef7f71e03bffc4f629eb2159eed2bcf67a21f9429	13840	results/marsc_strengthen/b12/validation/crossed_families.json	yes
78f7fe36876dd5598281ed2b92de7b60520082b214f1f55da6ee9d0c670a1c06	301	results/marsc_strengthen/b12/validation/started.json	yes
8278c6d8f09d0b439732800b738e0f133033f118c7b5873ec3dc021b9bf9bef0	100	results/marsc_strengthen/b12_stale_topk/test/complete.json	no
210a5521c5e4de1f86e44d8b6d630f7bceda87c65aab34824ba94ceefd16d3a0	10815	results/marsc_strengthen/b12_stale_topk/test/crossed_families.json	yes
cf7c7d80b00a6db85a34114ea9f632740adcc4357f476f269d7209ba6a5d78e6	301	results/marsc_strengthen/b12_stale_topk/test/started.json	yes
8f5fb977af05580d5f7cb73db669f354e0a85c45098a28d6be0c7df6ad6ebbdc	100	results/marsc_strengthen/b12_stale_topk/validation/complete.json	no
92194abf8e5d98cc0bcf1141b93234ebe2b4bb2d0380a3de4f9a1e7f6b49e864	10915	results/marsc_strengthen/b12_stale_topk/validation/crossed_families.json	yes
a75d683bb03a2b3d086b23faaa1e74438b9c9719163da54f3a0c1182365a9fe8	301	results/marsc_strengthen/b12_stale_topk/validation/started.json	yes
a3c3f6a08137cd23eb0f19d8f5f29a8d8e81dd4710b9cc3d59873647de8bb1ee	168	results/marsc_strengthen/b2/SHA256SUMS	no
79b1999c86891ebf1bd45bdf6092cbe50e70bd7e1528489cf17258ae8f479847	100	results/marsc_strengthen/b2/complete.json	no
914125c5a11b568da1688b6700335d0fa11baffbd76da9dc91ea3f8cc77198d8	1418	results/marsc_strengthen/b2/crossed_test/SHA256SUMS	no
a119bd76b5ae97a515c0fa1fc726144b2dee278583e9061e648301a1e70ccc96	100	results/marsc_strengthen/b2/crossed_test/complete.json	no
742d527fcf4cfbb7a62765e3bfccbacfba507652b06e433fa6635b5e2f734688	10857	results/marsc_strengthen/b2/crossed_test/crossed_families.json	yes
b58d87da933af26f729331327a41193a320c3e4053b515bfd29a18f675f56c0b	298	results/marsc_strengthen/b2/crossed_test/started.json	yes
79d43f0b1e392fc77c21e22f6fce3c6afa418f1026fdfdd1fb292649c22c6b34	1418	results/marsc_strengthen/b2/crossed_validation/SHA256SUMS	no
c141001b147b97706508c1235889eb793518764191197ca3917c90b437fee732	100	results/marsc_strengthen/b2/crossed_validation/complete.json	no
5918f593500ae0361a05da3b5856e89c9e6f91b11f74990cdd7bba47d1abcf7b	10980	results/marsc_strengthen/b2/crossed_validation/crossed_families.json	yes
d15a76a4f421532a65c45b5c3e39e4a512a272ad987be1b8bd177ffb8f8a576e	297	results/marsc_strengthen/b2/crossed_validation/started.json	yes
c2ccf7f4be4fc2d7c870183f41f278589360781ed44c47e3d7487c115f57f527	7502	results/marsc_strengthen/b2/hcond_verdict.json	yes
522efb16433fc1c250aded56749d7e8f65ba7b91b0747528a2cb465bb04150b2	290	results/marsc_strengthen/b2/started.json	yes
190acee4404fe56268cdb9db26b2b50b3835fb7c31c96128e3ffedea3a1e5726	2614	results/marsc_strengthen/b3/SHA256SUMS	no
afcdc3a23b6cc2452029abef3dcdad14f9c661618d9b55987b9f375f418fa2f0	48835	results/marsc_strengthen/b3/analysis/b3_contrasts.json	yes
4e39473f2bbee0612682a441df28c6892ef031fce4e327552b5906339f023d42	100	results/marsc_strengthen/b3/complete.json	no
f0260bb6846c00ddd00c8f9592f077cc6fbaac9ac6e7ec027c1419b172e24f8e	6151	results/marsc_strengthen/b3/eval_test_A/e2_emitted.json	yes
e204f5253d86fca55a6dd5f58f5cad6724a743e5e7526f4ccd9e12243c52b3fa	6121	results/marsc_strengthen/b3/eval_test_R/e2_emitted.json	yes
ee3002d9666a4b23194b7a18d75374614767c028140a2b3213ba6e8dd349882e	18989	results/marsc_strengthen/b3/eval_test_ctl/e2_emitted.json	yes
c1f45e5aadd266d7d4049fa306f4f8a1510cd75e2e285989e1b135298ac5e251	12213	results/marsc_strengthen/b3/eval_test_ctx/e2_emitted.json	yes
56b6ef74e4be4235f4e49613dfa41e46198a4d885c4259de481e2f712c663ce2	10455	results/marsc_strengthen/b3/eval_unisum_A/e2_emitted.json	yes
26f5314f751386331201359891a0c525bf703b1313962d0db9066c57746bcde9	10473	results/marsc_strengthen/b3/eval_unisum_R/e2_emitted.json	yes
1b6bc062af260387c48622b263d79905e0ac2e93a8cf633b97dd3352dd5da738	31983	results/marsc_strengthen/b3/eval_unisum_ctl/e2_emitted.json	yes
d383c53849369833e0329bef4751e6bef3b1515fd25df8c2cb916ccbc5ac3d76	20822	results/marsc_strengthen/b3/eval_unisum_ctx/e2_emitted.json	yes
c1e9217e8abc082a3d9dfda3695775594fe3ffbfce725bfc8ae7621c063dc1a2	297	results/marsc_strengthen/b3/receipts/score_task_0/started.json	yes
c2e6dd1970ba93b937bd680ee8bc2bcd8a62092fed3eb6e422878cf96b56f17d	297	results/marsc_strengthen/b3/receipts/score_task_1/started.json	yes
2b6081968cfc42e164ca35c5e2cad85a65d91a2083120b159e8ba6c52520a641	298	results/marsc_strengthen/b3/receipts/score_task_10/started.json	yes
cf180bbfbe8566c04a1bd1ab0b07344bfb666e15349301f3921ec411148aeadd	298	results/marsc_strengthen/b3/receipts/score_task_11/started.json	yes
b4cb794e7f96b20b2e4a123306e869539f9ec7bdb55fa432ea204b84e8fe942d	298	results/marsc_strengthen/b3/receipts/score_task_12/started.json	yes
c493352df7d6714ba332b440817b01c3bbc54aa1dadb9579fad1475a96fad978	298	results/marsc_strengthen/b3/receipts/score_task_13/started.json	yes
d9e47db23ae2670e2048bc6d170df7427b372d84bf5fe1f3d903edfb859a3c90	298	results/marsc_strengthen/b3/receipts/score_task_14/started.json	yes
fde85bdfceb7099d5a30b06b2f007e19f4ccac63bd369d3aa22fd92ec7c027ed	298	results/marsc_strengthen/b3/receipts/score_task_15/started.json	yes
2f4a395665664cd2e86382e7fd5512c8b5b61e466f68263c4ced5853cfa03ee7	297	results/marsc_strengthen/b3/receipts/score_task_2/started.json	yes
34103845e45814dce78b959333eba2784cac453f59fab905e6836df18ce62a08	297	results/marsc_strengthen/b3/receipts/score_task_3/started.json	yes
8ee735c4cd41eb043ac0ff78fa02bbdc843996ed2a4efee7b20d8e20286350e1	297	results/marsc_strengthen/b3/receipts/score_task_4/started.json	yes
f3db3b2b53d66579f0eeaaad106f5ece56c73cbd0d0a0bb2065078a53fd98280	297	results/marsc_strengthen/b3/receipts/score_task_5/started.json	yes
38f24c097aeef40b5f1bb7ba708248c1f5cbb9fbcd84cf03be78e99e90ec6d94	297	results/marsc_strengthen/b3/receipts/score_task_6/started.json	yes
0d853686bb3b0643132e7f53f88f7d141c6edb98698a22a5311bc4b3b7dcbfce	297	results/marsc_strengthen/b3/receipts/score_task_7/started.json	yes
d5cc59bb388a430e4479319a7d93fca455bc0ff728cc116d333c13a8e37f043d	297	results/marsc_strengthen/b3/receipts/score_task_8/started.json	yes
c2a2b113481ef84d2773ee54099bf62414f54af8880166d158abeb33a9c9c15f	297	results/marsc_strengthen/b3/receipts/score_task_9/started.json	yes
a8a79b114c732fe72e8d72c6516526447420c9a0ab4047a55bdbff117231cd6d	292	results/marsc_strengthen/b3/started.json	yes
725f4afbb452d805b67979bcce79634893baa6f846369cac8bce5540e8cfaf48	969	results/marsc_strengthen/b4/SHA256SUMS	no
4b55fe3684154e4465a053291015c79d69c49c1a9772ee11af2561914405c4d2	100	results/marsc_strengthen/b4/complete.json	no
8fe427e2c163c520a5fc31a1dfd9f953f6a11ead3cd72288c481ffaa76089701	45246	results/marsc_strengthen/b4/eval_test/e2_emitted.json	yes
b48526c4bf7b0370df46256b6cf6f6475ad36fd9941ce6105971ae1bf5b7ca1a	2713	results/marsc_strengthen/b4/freeze/freeze.json	yes
2e437ac31a2095d0793b8bdf95baadb74e896ad47693c93edad7cd22e13205a4	2697	results/marsc_strengthen/b4/freeze/freeze_shard0.json	yes
e888f550cb489be49a96933225c594b0a13925ff8aa7f7b24bb736fb98e9b738	2697	results/marsc_strengthen/b4/freeze/freeze_shard1.json	yes
2ebbc6d43eca797e9c1103707f92a1586a94a72cd9d3ff0ad776db417639ea76	1053	results/marsc_strengthen/b4/inv/inventory_qwenprops+ent_test.json	yes
8efed59c011a9c5fc863432863662d4301d9a0a1a45cc4b98021469b92c28238	10225	results/marsc_strengthen/b4/ordering_attenuation.json	no
e0ef32502bbc0f197e7c45e351e55dce49ad04575c6f8dc2cbabb302efbe88db	14191	results/marsc_strengthen/b4/ordering_declared.json	no
c56697d3f270abe71385cbd321eebd7b65605caa61db4b8dc3b4eb58d3383161	377	results/marsc_strengthen/b4/props/props_qwen_test_shard0.jsonl.stats.json	no
cf03e432090b796f62377653e17e76f823b57a2e43cf8177d8474c733876f774	377	results/marsc_strengthen/b4/props/props_qwen_test_shard1.jsonl.stats.json	no
26a2314bdce98893df021306ac2d186bbd45dfc94cc647be4ca51fdde8fa7ffe	304	results/marsc_strengthen/b4/started.json	yes
dac4d7742bc6858ed82649b625f78cb94b842c956777f7a9008cd2636c6bdb6b	257	results/marsc_strengthen/b5b7/b5/SHA256SUMS	no
edd2060f1c998897fe1ce626ac926a7d168c31d31a611682f1767d07d5afb4dd	23232	results/marsc_strengthen/b5b7/b5/b5_yield_lower_bound.json	yes
ae5577c021c345abc1ef841552fc99a6dcc39c26a68055b2f22369f1fa43967c	100	results/marsc_strengthen/b5b7/b5/complete.json	no
ff7496b7f3b497c8b1c58c1a385525882f7c567924192be12125cba87dc3a66d	295	results/marsc_strengthen/b5b7/b5/started.json	yes
86cc180fcd189677d1e4630e19ee099bf5153f890c9bb1949afce6a96ffafae6	252	results/marsc_strengthen/b5b7/b7/SHA256SUMS	no
1ea3c284afcfd0f9038a2c1723c7da2bc7d8887fd7360ab7638c955dd37a7216	32774	results/marsc_strengthen/b5b7/b7/b7_pool_overlap.json	yes
e111ed31a12bcada7572585507bf55fdfbefa9e2d49ebb0cf7dec8e135a2aafc	100	results/marsc_strengthen/b5b7/b7/complete.json	no
ba6f9371edf7e4928bef9cc076ec11d8c30681bd689f8d144544b9185bcfa7b2	299	results/marsc_strengthen/b5b7/b7/started.json	yes
327e5c31c324a6b55cab84ec3d7ed25c7ca8960c51a9d15e6ad4ba44a78c66a8	623	results/marsc_strengthen/b6b8/b6/SHA256SUMS	no
009daa6e728cf5ba93c6fbae4466f68eb3e53eca8da44f8a4ac439f13b368c42	40921	results/marsc_strengthen/b6b8/b6/amortisation_curve.json	yes
c5fe9a5a0c27d78e468019c83e7d0257d682b03a79ea459f51c0535580897649	49394	results/marsc_strengthen/b6b8/b6/amortisation_curve_corpus.json	yes
19a862ade8511f5e840b508b473d8bac38288e8b1a2a0f5541b67921f8029a84	100	results/marsc_strengthen/b6b8/b6/complete.json	no
7ecb40fc4d9f9516d08cea65ba4be791bb8ff2820dd529798e21f1ec619148af	19599	results/marsc_strengthen/b6b8/b6/curve_provisional.json	yes
1cd18f96ed37d885d38e369709fc6457ebc6df542bc512f7ff3d05801ad59695	2499	results/marsc_strengthen/b6b8/b6/stage_times_cpu.json	yes
8d9179d2b16dfea88ab8b448e63e0a02fe79ba4f20d15d0f7a79f05dd4202ae6	8702	results/marsc_strengthen/b6b8/b6/stage_times_gpu.json	yes
e108a09ad1b5d6e7404b686ea43821eac01b0f421a3c55b805b385c3e55c7690	299	results/marsc_strengthen/b6b8/b6/started.json	yes
d3972f49d39251b5a918a2e298bee3010d0dea32a50b392a2fb923c0a4810c82	945	results/marsc_strengthen/b6b8/b8/SHA256SUMS	no
b1d2e2dce95e79b4049cd97c254f273b4b1acafaf2b532a0e25fb8b865ebb39a	3035	results/marsc_strengthen/b6b8/b8/b8_hf.json	yes
25a65e69b9af8a3988516f1239f4464b15054ada37d559421bd60d37064e7b6c	1835	results/marsc_strengthen/b6b8/b8/b8_hf_started.json	yes
708f4620bfda2d92a31471dbf3f90107120c8559520f16833cd87bb636b8fe6a	3449	results/marsc_strengthen/b6b8/b8/b8_verdict.json	yes
18bc5e8181796383c84b2c1e7a13dbee1f30282233d76257feb163733d87f1f4	5071	results/marsc_strengthen/b6b8/b8/b8_vllm.json	yes
11c1cec66ae83a9987b4ae6d699f5c6eae328ea5ded5bfc7fb3d930013c98f72	5076	results/marsc_strengthen/b6b8/b8/b8_vllm_eager.json	yes
700da02496d4ffa11150b5d322072aa4b85a6ca15ed569955f6516f544a370ac	2571	results/marsc_strengthen/b6b8/b8/b8_vllm_eager_started.json	yes
a0451e8d863d065cee957a2102ce1cbf263aedaba86dfb97b85c6a1b9fe5656a	3863	results/marsc_strengthen/b6b8/b8/b8_vllm_path.json	yes
1ead52ad8b0a894154b844ca8e17c3958c3267fed54f2ca8b809e078c1f933e5	2570	results/marsc_strengthen/b6b8/b8/b8_vllm_path_started.json	yes
b9514c267a4df87eb808484939546c4d9f17d008869410f85b85b7e3d03061e4	2565	results/marsc_strengthen/b6b8/b8/b8_vllm_started.json	yes
c3d38badd66ea9a0f3266e46eddf8245688fce6d1790579564a359d800e11d0f	100	results/marsc_strengthen/b6b8/b8/complete.json	no
242074fb03a86fa21afb1b9f76bc3607cec168e459befaa5daf75f33d82a7ac7	300	results/marsc_strengthen/b6b8/b8/started.json	yes
930359e94bd134194e4cfcbc2e259529d83005b6a8c8d380d151ebc6ba62e9fe	100	results/marsc_strengthen/b9/test/complete.json	no
ba1cd68d04a1ece4df5676442b9df15de5c7dac68f7db35ded86b69e93287006	300	results/marsc_strengthen/b9/test/started.json	yes
a9d5f8f2f7e9078b0ec56007659e99c6f9e73faaacf8482e7deaadce608ac03a	100	results/marsc_strengthen/b9/validation/complete.json	no
edbd092aed231282fe96c886927322043287e9a5e32abb393bfce2cf66d278fe	300	results/marsc_strengthen/b9/validation/started.json	yes
b88705f6bc32c5d0a17722042d3afc64d75d311d2be5e2fe01fc05e011f2e04a	175	results/marsc_strengthen/b9b10_eval/test/SHA256SUMS	no
0a001a919bf7d3aedbd6d24f755fb5b780f86e2362ad13335fd21c86a475e07a	100	results/marsc_strengthen/b9b10_eval/test/complete.json	no
9f8f1eea571e5121690f66cbe3e3c9d6e780a99e82c14a2d050fa1e584fcda8f	61402	results/marsc_strengthen/b9b10_eval/test/eval_test/e2_emitted.json	yes
aab7c818fb10e9a2355c493400d494b907fa0a12901705b323a9adb567c1c01f	297	results/marsc_strengthen/b9b10_eval/test/started.json	yes
678c26c9bcd21d06ba87b1b0f7604f0800e292cde4f39a8f3debf64bc40406b3	181	results/marsc_strengthen/b9b10_eval/validation/SHA256SUMS	no
f984540aff7251c990a34d5d4df101c346ef51f53f2243551cb65791b44ed289	100	results/marsc_strengthen/b9b10_eval/validation/complete.json	no
92a1fa2c32c13d7266c0af895415503890adca5fb2b8dbdc7138c672ce7c6057	61862	results/marsc_strengthen/b9b10_eval/validation/eval_validation/e2_emitted.json	yes
7f43149504d96ff90e11fa83fe8cb1a2a99326cc2a5eb6e96fe0fcc267e787c1	297	results/marsc_strengthen/b9b10_eval/validation/started.json	yes
0a0ca476d616765265bff291a2781846cbf794ad12a06a9e72e3392385f494b8	175	results/marsc_strengthen/b9b10_eval_stale/test/SHA256SUMS	no
d49d8992aa57611b41f374d3216c157feb5d48c60f2c9cd91a767fc7cf3b8f83	100	results/marsc_strengthen/b9b10_eval_stale/test/complete.json	no
b0a0f12bc5c836d5256d30422d13fb1cfab62ce8e7197d526d725c0dc53ae086	61443	results/marsc_strengthen/b9b10_eval_stale/test/eval_test/e2_emitted.json	yes
7702651c1648951697943a1c0c934ef447646db7d75fbe72167617b6559245fd	297	results/marsc_strengthen/b9b10_eval_stale/test/started.json	yes
86d7cf8e668e25240a2dc8e0b6a126321d2a3200404d307ed9dab070356c6119	175	results/marsc_strengthen/b9b10_eval_stale/test_early_distilled/SHA256SUMS	no
ea1912c2d812ffba3c5d5f61b1577020eb5da0b6165afddbd14dede86540e05e	100	results/marsc_strengthen/b9b10_eval_stale/test_early_distilled/complete.json	no
8a54a9bb2054ab0ec080905cc3eb4e082d823ee574fd782f3ca788cc5d6bef18	28921	results/marsc_strengthen/b9b10_eval_stale/test_early_distilled/eval_test/e2_emitted.json	yes
10b60b4437cb44de2f00196a485ac8545d100d437bd934c25acf144de330e4d3	297	results/marsc_strengthen/b9b10_eval_stale/test_early_distilled/started.json	yes
80677f0f47b82001664995651c3adf727f62f48ea35e7859fdfcf22d829a466a	181	results/marsc_strengthen/b9b10_eval_stale/validation/SHA256SUMS	no
73d28618d1cc530a8bb80f72ecef375457f621064099bcca6eace1b39e98af4d	100	results/marsc_strengthen/b9b10_eval_stale/validation/complete.json	no
88ff59109d9391178222069b9b5bbc2daf30268a45e3881b99e0cd32c230534e	61835	results/marsc_strengthen/b9b10_eval_stale/validation/eval_validation/e2_emitted.json	yes
a15e74a78c965d5006f65794bb4ddf448e693b276c167a57890efcc193424077	297	results/marsc_strengthen/b9b10_eval_stale/validation/started.json	yes
6ef2a25f0f9fc3210efe9e5088af444d2d64faa91fb8a6785900140560049d8a	1379	results/marsc_strengthen/c1c3/test/SHA256SUMS	no
2f72f9d8d6de5f010ecb62f93911acd3ba4c60c9f4f491e7848bf737d78a4db8	8594	results/marsc_strengthen/c1c3/test/analysis/c1c3_declaration.json	yes
f1a92fa8f2223c24a76cc4db3862d04630ce454c955dd4e48e5518519d6c4fec	489946	results/marsc_strengthen/c1c3/test/analysis/c1c3_result.json	yes
5d80e8936ff43baaf903e498ba06c23fec949e8e64015907938beeaa013afbcd	100	results/marsc_strengthen/c1c3/test/complete.json	no
795a95a4808d41a8948a9a59e68b53df1d958ab7488310b14b07e8078c8d842d	80816	results/marsc_strengthen/c1c3/test/eval_test/e2_emitted.json	yes
09ddb67f306e34fea6e4a822047dc7d8f3fb46264713b6c853c54fcb2179a03a	56957	results/marsc_strengthen/c1c3/test/eval_test_kcurve/e2_emitted.json	yes
b8c7e7233307185ca8d80224032ca325302a13fb99bfbd2144a14908f93eaf5d	1957	results/marsc_strengthen/c1c3/test/fused/fuse.mc_lex.distilled_fusion_rule.json	yes
3c592b6bea7a7825cab3c6a50d45dc04b40bbb9217d4af251dc95f83eefcabcc	1939	results/marsc_strengthen/c1c3/test/fused/fuse.mc_nli.distilled_fusion_rule.json	yes
04ac55aa2ad91262e5f39f41822fc446555e3d2cf777013720bc917f73bcf7d8	1966	results/marsc_strengthen/c1c3/test/fused/fuse.mc_summac.distilled_fusion_rule.json	yes
46a321032e58e959d8f24f8908c80dd2ab7532b44379ef74eb3db62382db086c	1926	results/marsc_strengthen/c1c3/test/fused/fuse.mc_summac_fusion_rule.json	yes
5f7e50ecb7ceebb90b54add769835f2eb25a3b52827731b423ee3b021eb8624b	2036	results/marsc_strengthen/c1c3/test/fused/fuse.mcempty_summac.distilled_fusion_rule.json	yes
ddc677702a0c31548b5eb68a9a6541e28cb8253de8ee5b7c72d1b987319aea62	1996	results/marsc_strengthen/c1c3/test/fused/fuse.mcempty_summac_fusion_rule.json	yes
9d465b1452cd4d2c0730168fc65a655a785524d1a6c728011d811cea3cc9cc10	2053	results/marsc_strengthen/c1c3/test/fused/fuse.mcshuf_summac.distilled_fusion_rule.json	yes
49bc957fba359fc57ad15987380c3303c2b9d7d3a7075aa5d519343f3ebd3ae0	2013	results/marsc_strengthen/c1c3/test/fused/fuse.mcshuf_summac_fusion_rule.json	yes
ccd0d3a00d16f33f9481332185453a0e4da84e58498a0950f003af47c3f30e78	291	results/marsc_strengthen/c1c3/test/started.json	yes
69cb3c4cf134c56abeeb83f74d3493a44e5b4dbc5aaf446745dcced881446e95	594	results/marsc_strengthen/c1c3/validation/SHA256SUMS	no
bd3fc7eb74b44d5d7502badb1057a1c0aa82db2a62fb42b232246f9d57049745	4578	results/marsc_strengthen/c1c3/validation/analysis/c1c3_declaration.json	yes
9445c9ec051feada4e030eccef7a611135983d8eba7322fbcd243d24dc5433d0	78095	results/marsc_strengthen/c1c3/validation/analysis/c1c3_result.json	yes
f429f31e1ab728399e53163414a0ece9ca178493b83fa1ce42fad177e60d74fc	100	results/marsc_strengthen/c1c3/validation/complete.json	no
0148b6687cdb2c73242a42bed7190e1741a653f54d9878498a3c081c6dfe64c0	17316	results/marsc_strengthen/c1c3/validation/eval_validation/e2_emitted.json	yes
ac989b212617a53a01a4aecab84638afbaf511049d1e061a47764ce32ab0f8d5	2410	results/marsc_strengthen/c1c3/validation/fused/fuse.mc_judge.distilled_fusion_rule.json	yes
b9d930199c076fc9e021ab477a3f1e74e38b4ef72098ed82462275786a0f1414	2454	results/marsc_strengthen/c1c3/validation/fused/fuse.mc_judge_fusion_rule.json	yes
6196971174ef1a5ee516c5fe2e0e33db3cfb9d696a398f3fa6fb9dbf0dc7283c	290	results/marsc_strengthen/c1c3/validation/started.json	yes
4913c31a23cdaf73bd61ffa53d98410c154ae7b61f8cc34442e1f97462127838	2050	results/marsc_strengthen/c2c4/c2a_validation/SHA256SUMS	no
109944e8fa8de47d9ee33b7b4e0d6655b8ceb90052b7806954c93a01964389dc	1320	results/marsc_strengthen/c2c4/c2a_validation/apply_res_humanfact.distilled.json	yes
e59f67de8e9574a208524fc22f274852877b8002fec639531631c813f078fe95	1375	results/marsc_strengthen/c2c4/c2a_validation/apply_res_humanfact.json	yes
fe73be0b9f32226eb25050841e9e9dac98715447ce287b77274a6967a4f5d9e5	1295	results/marsc_strengthen/c2c4/c2a_validation/apply_res_judgefact.distilled.json	yes
20de711b9bb8dca4d03144b88f8923be35dcb264053bd07b25f68d1cff3adf32	1266	results/marsc_strengthen/c2c4/c2a_validation/apply_res_judgefact.json	yes
1b9a6d8afbeeee93f4998d00a15e3865012f9448a546ab5ba0526d86279c00c8	1255	results/marsc_strengthen/c2c4/c2a_validation/apply_res_tagger.spacy.json	yes
09363785d27d6fd0893f120c5194f8c2ac197496bf79b298de703db067c58fdc	1342	results/marsc_strengthen/c2c4/c2a_validation/apply_resblind_humanfact.distilled.json	yes
f5ca37420a071d38533cd44feb9be87bd98583b8530bb3bff62875192269f74e	1396	results/marsc_strengthen/c2c4/c2a_validation/apply_resblind_humanfact.json	yes
a2f225ce3fe3a9bced9725aac8465bfc94ea4397149ee547d8c788ef189058e9	1317	results/marsc_strengthen/c2c4/c2a_validation/apply_resblind_judgefact.distilled.json	yes
253d66abbc9029a745b70e21cf2de3a9266f2ebfd7581d0754259f40197aa427	1288	results/marsc_strengthen/c2c4/c2a_validation/apply_resblind_judgefact.json	yes
5c5f5d33a7d6ea82b09e894adbf0e4db15c70c19ed12bae54258e0c6c9473711	1279	results/marsc_strengthen/c2c4/c2a_validation/apply_resblind_tagger.spacy.json	yes
84a744afe2ee979599a9f2e4d2842d028a9da6e29555b4a1f2f48a36218e048f	100	results/marsc_strengthen/c2c4/c2a_validation/complete.json	no
48166d4c57185a24b085641e9ae6b1ed8a345f041c45e3ea9e807cf4054da78b	48499	results/marsc_strengthen/c2c4/c2a_validation/eval_raw_vs_res/e2_emitted.json	yes
a4ec33bce0e9347b06c5e76c102608ba1b2635b8dd9bc5254d01332090169a80	32719	results/marsc_strengthen/c2c4/c2a_validation/eval_res_primary/e2_emitted.json	yes
676ac0838a5546812dcfe377f3e3cf6ca233ebb2d567d5d3beaee2629b2369a5	297	results/marsc_strengthen/c2c4/c2a_validation/started.json	yes
b6e39fc38e2eea039cfd5838f8311464c6b48b461ee1dad4911d4760e1153764	2757	results/marsc_strengthen/c2c4/c2b_heldout/SHA256SUMS	no
0984d40dcdbdd0f7a19e1b3328fc587f0a4cc6a21ebe99f654211c0fb9a4972b	1284	results/marsc_strengthen/c2c4/c2b_heldout/apply_test_res_humanfact.distilled.json	yes
8962eacf05e9f83b211a588d1b79b748bff1333bf5dd6e06c69310fbe9ffe288	1306	results/marsc_strengthen/c2c4/c2b_heldout/apply_test_res_humanfact.empty.json	yes
362244db982174325e8c3f21a5d99483c7eee38f04302d400f12cf6eac4c3cd5	1255	results/marsc_strengthen/c2c4/c2b_heldout/apply_test_res_humanfact.json	yes
03fe315f58d91a5e7f8fa7274ece31ebcd3dffb26e51ab8144e4bc7e1bbd3274	1327	results/marsc_strengthen/c2c4/c2b_heldout/apply_test_res_humanfact.shuffled.json	yes
9fed37c0faa69f6d2d1f1e63003b6d71b4e72f8e7bf41e8d4f8425fd30c8f2d9	1253	results/marsc_strengthen/c2c4/c2b_heldout/apply_test_res_judgefact.distilled.json	yes
8e0df71b392c77e944c66021a495e474ae9969ae1c5df17deb25cefac96a4168	1275	results/marsc_strengthen/c2c4/c2b_heldout/apply_test_res_judgefact.empty.json	yes
7544fa61775fa6759ff315681087cb3527666e304a1196b2d2441aad84b5d2c9	1224	results/marsc_strengthen/c2c4/c2b_heldout/apply_test_res_judgefact.json	yes
bfb385e1798ba8df48097f4f639e03dc8e739dcb07002e9d5baa1a5bd27ccbc3	1296	results/marsc_strengthen/c2c4/c2b_heldout/apply_test_res_judgefact.shuffled.json	yes
5137f7272db8a09fb0cba67fe74bf814a1f345289daefaaf355d8306dcdf129b	1306	results/marsc_strengthen/c2c4/c2b_heldout/apply_test_resblind_humanfact.distilled.json	yes
f75cbb147b98ddddc7b46f728ee31546bf91d8e58bde0ae48f44199246645891	1327	results/marsc_strengthen/c2c4/c2b_heldout/apply_test_resblind_humanfact.empty.json	yes
cf9a4ad3a33f836d2ebef45842731d1d33a8d97942ed4f04e149c2dcc5fb4fd1	1276	results/marsc_strengthen/c2c4/c2b_heldout/apply_test_resblind_humanfact.json	yes
6a96232e542de74ba51aa0ec3ef75266424e22c32743475df4a58c01b388ab55	1348	results/marsc_strengthen/c2c4/c2b_heldout/apply_test_resblind_humanfact.shuffled.json	yes
40f178ca9876eae46f67c241a1c665bd5be87ac0eaf2fb46c4e6ebd1e479c724	1275	results/marsc_strengthen/c2c4/c2b_heldout/apply_test_resblind_judgefact.distilled.json	yes
6d6a8590067f69626ec0a3798a0c44ab59b32211fd18755523cb05df477211b0	1297	results/marsc_strengthen/c2c4/c2b_heldout/apply_test_resblind_judgefact.empty.json	yes
2cf64f4c2e56231ea55fb2cc48994f339a9d183b37806451c1b655f158309a86	1246	results/marsc_strengthen/c2c4/c2b_heldout/apply_test_resblind_judgefact.json	yes
bfd51be247a38824c28299f5107b6acf3aa72ed61b2b17bd1a17151731fc42ca	1318	results/marsc_strengthen/c2c4/c2b_heldout/apply_test_resblind_judgefact.shuffled.json	yes
6eb5bbf7f1fdd639350d5351aa15826727d077a2050c6b104da3906ba47f7500	1277	results/marsc_strengthen/c2c4/c2b_heldout/apply_unisum_res_humanfact.json	yes
27075d23ca621fc45fab6351df3cb57a171880be4a404bd273df6d43840f3db5	1246	results/marsc_strengthen/c2c4/c2b_heldout/apply_unisum_res_judgefact.json	yes
efdb61a944f14d270440bafec48bbce69a982634afd8572ffd99f274a8105d99	1298	results/marsc_strengthen/c2c4/c2b_heldout/apply_unisum_resblind_humanfact.json	yes
fc0d42ef5db144776386687f0d5a7f55b6e38647445c4925c0f6c870a3d3915b	1268	results/marsc_strengthen/c2c4/c2b_heldout/apply_unisum_resblind_judgefact.json	yes
be34436c0ffbe5f6412b5114cca8257652028b3d1baf15ce71d25dd2fc86f63a	100	results/marsc_strengthen/c2c4/c2b_heldout/complete.json	no
4a302f84fec5943a18dd064e5d606439fbf07c44590559276125875283e680ec	34591	results/marsc_strengthen/c2c4/c2b_heldout/eval_test_b0_controls/e2_emitted.json	yes
a9c775c96409cd7af9ff6724b64d56070157d1ffcf22d2f5a8460450e409f484	38116	results/marsc_strengthen/c2c4/c2b_heldout/eval_test_raw_vs_res/e2_emitted.json	yes
fa1d85787b52294325ab644b71d0bc4862d1e68d9f68f6e556aab7ba04ecf6a6	30244	results/marsc_strengthen/c2c4/c2b_heldout/eval_unisum_raw_vs_res/e2_emitted.json	yes
f288443e586353eb6fa01e443a350796edbc1d1bbef19487d3d57cf3104c7d69	301	results/marsc_strengthen/c2c4/c2b_heldout/started.json	yes
831d352e320f4f555a23efbf01c6df69223d536942c80f311bb2db2174d3c905	194	results/marsc_strengthen/c2c4/c2c_crossed/SHA256SUMS	no
d2c55bf31f5d25664054a50c1cedb661578e4bbe9df3e1fafccfb0ec20a9d361	46257	results/marsc_strengthen/c2c4/c2c_crossed/c2_crossed_residual.json	yes
32a12d0bd35e2b442f23a2ed59b141fc81342fae8b37a2d253c3d440bd37d29a	100	results/marsc_strengthen/c2c4/c2c_crossed/complete.json	no
3858289063b8b518c2884eec7249da0dab61dadb90b9c37457756c946f3d79d1	304	results/marsc_strengthen/c2c4/c2c_crossed/started.json	yes
134075f6e572c21143876848f766a861d5fa226380fc2bbf0fbd875c9b7843d0	420	results/marsc_strengthen/c2c4/c4_attribution/SHA256SUMS	no
daf8f3f062e7379d355870ae8425151c321cfc34f3cd495b30bc0b683a7665b6	36602	results/marsc_strengthen/c2c4/c4_attribution/c4_attribution_test.json	yes
5e7958a3bd15f140b16392de4ada5a8304457cf50ceab76b9bf56046ae173a67	18086	results/marsc_strengthen/c2c4/c4_attribution/c4_attribution_unisum.json	yes
5cd07b20fdd51cca90d666aa5d8ec51ede7d9b6b8f235f1e37141c97159da8ed	24970	results/marsc_strengthen/c2c4/c4_attribution/c4_attribution_validation.json	yes
fdb5c9f40265c78e22c699f3821b4723056af929fdb2aa32c117aaa8e6d6adfe	100	results/marsc_strengthen/c2c4/c4_attribution/complete.json	no
a533ddf937849dcf86d8b34b1b95f56b6e16dfaa3dfae3f2e026b5cffa6735f5	296	results/marsc_strengthen/c2c4/c4_attribution/started.json	yes
6302d1ca7783766070fd384697cd75e43a9573120fe9e330368d3ee5d22c8691	902	results/marsc_strengthen/d1d2/d1/INSTRUCTIONS.md	no
913db18a9dee1603e976906a17977c039deb2692b009b0eba0eb2e5c42ad5737	626	results/marsc_strengthen/d1d2/d1/PRIVACY_CHECK.json	no
67ea6a2775b504958a11471277dca926cdfb7f635ccc587269bed3e0254693a5	332	results/marsc_strengthen/d1d2/d1/SHA256SUMS	no
3b8631659461751a63576b9e0a20b1ab8805354974489daef5c832a29d3728e5	10395	results/marsc_strengthen/d1d2/d1/analysis/d1b_adjudicated_precision.json	no
df4414308d277548d6f3190a7f413c506d7fae05298c1c6873d0fc42225439bf	100	results/marsc_strengthen/d1d2/d1/complete.json	no
8f8b601de354097c0a33af9fd82606e237987caca3e48a862325414bc0ad6388	4058	results/marsc_strengthen/d1d2/d1/d1_freeze.json	yes
ac500b6ce2afd4416b988259875e3cc9fa382c7086eb8c26efacea81f0de14d1	176511	results/marsc_strengthen/d1d2/d1/export.jsonl	no
bb0930c2c99e2eb2b8175ada2a84d5aa794e20b0c0fe0435834f4ff5c405927a	1105333	results/marsc_strengthen/d1d2/d1/human_sample_blind.csv	no
70f2ccfcb185468548d8563ea998c6e4307a4947ecc8b086303d86c5b9b577a7	100485	results/marsc_strengthen/d1d2/d1/human_sample_key.jsonl	no
75cc019bacadd97a4886ec27a3bb694519defedb176b76acfbe3893371bd8caf	5090	results/marsc_strengthen/d1d2/d1/review_order.json	no
5289ff01f317d335a95e86020ec56545cba99f3de26041f82a187c6268ca8657	294	results/marsc_strengthen/d1d2/d1/started.json	yes
eec9cd39ea35a40bf23221c113168cd566101b702f2d4ec4a1454bd319643ee1	431	results/marsc_strengthen/d1d2/d2/SHA256SUMS	no
5789c63a0aa157c1b03437145aaa69e53a8f73151107a4471f26fdc6ba6d511c	100	results/marsc_strengthen/d1d2/d2/complete.json	no
0a8fb54dcbfd8fe146786f3a7a44f00e054d9b4a9e2c2624102180e20abcdf15	4235	results/marsc_strengthen/d1d2/d2/d2_freeze.json	yes
501f4b779ed12854e0748f741c7725fe4cd27a7a5fbebb49a55f24de722fbe07	1488	results/marsc_strengthen/d1d2/d2/d2_generation.json	yes
e762e4608e4034a96c3d15e7da2faa13739992b3d0df1164f632ef58bb594d83	2151	results/marsc_strengthen/d1d2/d2/d2_packets_freeze.json	no
f1155e376689bee6f20698d9bc342eb69215ea7060e0316aeb992ea1e88701cd	6315	results/marsc_strengthen/d1d2/d2/d2_review_order.json	no
15a838bc41d380f8239231337e769d7341b3feda0d3e5c5d4e79389344484bdf	301	results/marsc_strengthen/d1d2/d2/started.json	yes
fccf9f3a8e5b0e8b04d9d24a9e8740bd206671aa13362621546964bb501a63a4	3008	results/marsc_strengthen/hj10/SHA256SUMS	no
a17fcdc21e1262416063ce196b5543b138228a2ab6edf23478e923af36d6c93f	100	results/marsc_strengthen/hj10/complete.json	no
a6688312d0697120d692de1406ece531d7cb579d605a7b317eb715ae382a996e	2327	results/marsc_strengthen/hj10/docs/census_omb.json	yes
9f7c48d73f2b498412eadabebdbb77a6eeead45d7b77712041cb598e20dff1a8	100	results/marsc_strengthen/hj10/hcond_all/complete.json	no
c213d429ae88c00ea3f3c6506dd91f1149029f0d921bdccaac15a45d4dc81a67	11054	results/marsc_strengthen/hj10/hcond_all/crossed_families.json	yes
9d60fac41ca9bdb1553bf9fed1e282382f574819c0421c1b2ce334cba119ce89	302	results/marsc_strengthen/hj10/hcond_all/started.json	yes
2d7ada6a946a8e5de0f6ccf22979355109f68f6dc670603345eb2aa2a241a36f	100	results/marsc_strengthen/hj10/hcond_all_ext/complete.json	no
0dfde99f3abe24e31d7e24f807c298cb792b537edead58bbef6fb8afa29dd53a	19057	results/marsc_strengthen/hj10/hcond_all_ext/crossed_families.json	yes
8046a091dab9d76271d29ab1fd9315bb0c2cca4a72e3517ee4bbd818ea6a2194	302	results/marsc_strengthen/hj10/hcond_all_ext/started.json	yes
e5b31d52fcdfed502366bf92e91c5f3826ed9b9ed4b5168aa80a4856fdc1fb25	100	results/marsc_strengthen/hj10/hcond_all_w/complete.json	no
75805ea5db524de136f0f87e1264670ec194645ab4ad8416a851ff2bb77808c2	11263	results/marsc_strengthen/hj10/hcond_all_w/crossed_families.json	yes
497c24fcd57a8925441873cea995ba2b29521b2dca6567dde62ac168071ebaa3	302	results/marsc_strengthen/hj10/hcond_all_w/started.json	yes
be0343aa4e014615a6a0127f534d62fd0b2d910a152576e61565bd09f9db9983	100	results/marsc_strengthen/hj10/hcond_all_w_ext/complete.json	no
629eb8b9eef3194c7e819082a5c6d39defdc76fd52753ddd84863b31d911001c	19271	results/marsc_strengthen/hj10/hcond_all_w_ext/crossed_families.json	yes
723222cde354e9727224fadbe1eda13587d593eac88a3e8c51ac918b348c6d90	302	results/marsc_strengthen/hj10/hcond_all_w_ext/started.json	yes
d9efc4758691bb530b48b9d563f1aba7061732b27b2b2a3e1168a20f2feb2862	100	results/marsc_strengthen/hj10/hcond_complete/complete.json	no
f5f029c38dbbc0d8a9bd27690ea578087d96a9440adf8de136299670fbc713ed	11012	results/marsc_strengthen/hj10/hcond_complete/crossed_families.json	yes
e2eab7dc6ace1efd9ed0ba4e1d4d5e41d29a14e817693c7e272d4b9ef5dd44e0	302	results/marsc_strengthen/hj10/hcond_complete/started.json	yes
d089c19facb991fb3367e2ae93b5faedcc6b40171bc93903318f107a8f5be9c7	100	results/marsc_strengthen/hj10/hcond_complete_ext/complete.json	no
17283fb9f4e5d51b92a87aff1be21b916bb3c1cf3139d57c41735aaa7f78a058	18986	results/marsc_strengthen/hj10/hcond_complete_ext/crossed_families.json	yes
afb731237c63d3cc0a4a69761a8fbaed6e7041c2f60bf2afbdf55014c1efe69b	302	results/marsc_strengthen/hj10/hcond_complete_ext/started.json	yes
2382fc9581926601836e2f456862d4426c685653f3ac11a6dfaf93fc3af09c12	100	results/marsc_strengthen/hj10/hcond_complete_w/complete.json	no
b896da123c97bf5495cdeef4e8fdbde28db672a60e1486216a764fa510cb3050	11210	results/marsc_strengthen/hj10/hcond_complete_w/crossed_families.json	yes
5206a54c3b7a86d93aef91138ce50d3433621768203bfb10d6f921e5e0fa9f31	302	results/marsc_strengthen/hj10/hcond_complete_w/started.json	yes
3e29fd962e26fb0474a9b2f5f607f8e5e295f606ad125a491343a81f86efa17e	100	results/marsc_strengthen/hj10/hcond_complete_w_ext/complete.json	no
159b9d6e2bdbfacf8d636e7f1fc9dc5ceb9ee3ea39777693a5624a378be76efe	19158	results/marsc_strengthen/hj10/hcond_complete_w_ext/crossed_families.json	yes
24717b902abe528c2ae1ff5eac75d2bcff5513075cccaeb49601a83db61d0fb7	302	results/marsc_strengthen/hj10/hcond_complete_w_ext/started.json	yes
b4ccf748be6214ae736c89dc63f1ec2a530d09591eb66d69510d293182dff2ae	2514	results/marsc_strengthen/hj10/overlap_census_three_pools.json	yes
6c35b2090eb7389ad7822354b0ac29e984d20da4a12141c62081320007ab2a26	302	results/marsc_strengthen/hj10/started.json	yes
04292e3298a98272834183c7e2e14bc8c51b92b01fb1f1e8d186dd9bc9b4deb2	31772	results/marsc_strengthen/hj10/twin_all.json	yes
66c0f967b36daed332fc735360248017f67705dabf7f6c35f325b2412a68f4d7	31751	results/marsc_strengthen/hj10/twin_all_w.json	yes
b6bc335080df9c1bf1eecabed1c3b2d53a4ca3bf5ef1d097458248ba993a40dd	26432	results/marsc_strengthen/hj10/twin_complete.json	yes
29bd44196c80d6b790ba4b65640a8e79c0956894224f597864b2b9e08cd5bdcd	26406	results/marsc_strengthen/hj10/twin_complete_w.json	yes
cdfa41f64a6f31e8e1c3af33406aa1a71c3a7b1c6d5f868c5fd780d7490723d7	362	results/marsc_strengthen/hj10b/SHA256SUMS	no
77787ac7d5ec60e3f48aafeccb0c9091539495d5989fbcd28283d305f3d39cc5	814	results/marsc_strengthen/hj10b/build_manifest_omb.json	no
d47513d5e1a6b5f5a30777daf6c6f99c64cbd96a696c1dbd8d080f223b5bb3dd	100	results/marsc_strengthen/hj10b/complete.json	no
78186a423203bf739d85c5b0525d926f792354affc8fbe9241480b3942e406c4	7693	results/marsc_strengthen/hj10b/eval/b3_contrasts.json	yes
1a4d3bd2c9660f2181f71e478d5d0a9b4214287d1b7af764fb481ce9df82b42a	13813	results/marsc_strengthen/hj10b/eval/eval_omb/e2_emitted.json	yes
97ae2ce015ca4296723a5e317d2e96ef042ab8b423d7462416eaa201e7da8b1c	399123	results/marsc_strengthen/hj10b/eval/per_pair_omb_k10.jsonl	no
2f790bc69225e75c8b664c71e6c071579e435b7430a338b4d482bf9875f28735	260	results/marsc_strengthen/hj10b/eval_cmp/SHA256SUMS	no
e6d175df7eb0b59755c2fac8fb4fcc5861df50165d317046700f23af5f9bbe71	28650	results/marsc_strengthen/hj10b/eval_cmp/b3_contrasts.json	yes
864d547fd881098d6571ef38f77b6caf2b78f5c55c75298064111d6419153d55	100	results/marsc_strengthen/hj10b/eval_cmp/complete.json	no
816cf02557fadb4e37673df4f9818c13c385ce6be08c8ac43092c533b4bc5f6c	40999	results/marsc_strengthen/hj10b/eval_cmp/eval_omb/e2_emitted.json	yes
e296961dce7abafe2a0271d7a829ca8f8a36ff7f01eee6f55c669f649aa76cce	1326006	results/marsc_strengthen/hj10b/eval_cmp/per_pair_omb_k10.jsonl	no
ca33237b62eeb5f092c69f964371c9f627986baa7cb443d63d5fadd7ab114e1a	297	results/marsc_strengthen/hj10b/eval_cmp/started.json	yes
6be823931b137db1ec47af80f8dec203abb71fbbba1096adef4ebaa7d0c2616c	428	results/marsc_strengthen/hj10b/scores_cmp/factcg/SHA256SUMS	no
d424944956a29ade213a3021501e7d540f5f947355b272b977ee221704cfb024	100	results/marsc_strengthen/hj10b/scores_cmp/factcg/complete.json	no
4b6c4c28cfa483474814ea8f5dfaab9f84cc97ea2da18553cff076c7efc33d63	301	results/marsc_strengthen/hj10b/scores_cmp/factcg/started.json	yes
49449037ebbb02fc4c37591ec1c5611da75e14cee7f37898f2bf15e229c117b9	443	results/marsc_strengthen/hj10b/scores_cmp/minicheck7b/SHA256SUMS	no
007a3167a4d5b3290a73cf8f36aaeb2fd3159b5dac30eac509f3a13e3afb2e4d	100	results/marsc_strengthen/hj10b/scores_cmp/minicheck7b/complete.json	no
a2de8601f475edb33a95b2cff0433c25934f4bc4905dd8aad4ab8d6aefd17cee	301	results/marsc_strengthen/hj10b/scores_cmp/minicheck7b/started.json	yes
aa9b09bd4a02006055892e8ad327cd391ba30a755c4cd50c9c7bdad493fe7505	297	results/marsc_strengthen/hj10b/started.json	yes
8f675d259ae282ffbe821c52322f76a0e93bdd811f1e36393e1c3389a6171f28	100	results/marsc_strengthen/hj11/cost/complete.json	no
39afa7daca41f8308af91696fd736fc0946ecc60deec4256b9ac706c32ba02fd	3959	results/marsc_strengthen/hj11/cost/stage_times_offshelf_both.json	yes
7fdca06265f569cd259974c5c444813e626f9ca48e7005e5a215bfeed7ff9760	3957	results/marsc_strengthen/hj11/cost/stage_times_offshelf_both_run2.json	yes
a4ad868403cfbaedc49cfe4f72061a2dca963c12b019d00dc39f410974402d57	3957	results/marsc_strengthen/hj11/cost/stage_times_offshelf_both_run3.json	yes
6d11d1e66a1360c33395097ab4b5656fffd8d0f96ec5161aec906242b0fd5c6a	301	results/marsc_strengthen/hj11/cost/started.json	yes
b1ce6f5c711514887b4046bf0561f9aa0001aff7ca3c57badf15174dc73fa8ed	100	results/marsc_strengthen/hj11/deploy/complete.json	no
129702fda03693d360d4bc0576cd7305c716d7021429083ce362dc6c4e6a406b	1588	results/marsc_strengthen/hj11/deploy/deploy_cost_nli_alignscore.json	yes
b45ae05ba6e888a945e2c5b3f0efc1cfd4de4396dcea75040f2e2bfc1f431981	303	results/marsc_strengthen/hj11/deploy/started.json	yes
313efb99cef25c9dc1eb520e6d764b12de4497b696bfd4d4c3e49dca291f36a4	100	results/marsc_strengthen/hj11/hcond_validation/complete.json	no
a5941c8410a6ac50fd20b9c465b2ea99a3daf03e99ff95fd44ff56e579cdc401	24162	results/marsc_strengthen/hj11/hcond_validation/crossed_families.json	yes
96c5cbd67116dd49e70b18a7062b12f4da03e50a585054a9f29a2d9832084dfe	306	results/marsc_strengthen/hj11/hcond_validation/started.json	yes
a6d3165d0b33d832239ce4e23533f2a126f30d83407d038fae7b6d424cae1d0d	1751	results/marsc_strengthen/hj11/unisum_distilled/SHA256SUMS	no
5b783d8798186f42d83c3340dc43362a9c785c4af2a220a0617e9966d717cd11	100	results/marsc_strengthen/hj11/unisum_distilled/complete.json	no
4b9d494a701c7b040e5c3cfe5a758a7b6e39c099cd90db15d1ab4da6500bd078	306	results/marsc_strengthen/hj11/unisum_distilled/started.json	yes
5c1e1588cc95a4a6d712b3d0b4a4015e60bfcfe0972f0f1c9d31db60cfe1b265	170	results/marsc_strengthen/hj11/unisum_eval/SHA256SUMS	no
a6526d55f0d5c90bf0fd4a07775698626575e6e640a2157a222cd37bee86fdfb	100	results/marsc_strengthen/hj11/unisum_eval/complete.json	no
83556ba171df9b362af0e1bfc4a818e1a88b79e1e3f5d814db6e8e67922c9f08	28868	results/marsc_strengthen/hj11/unisum_eval/eval/e2_emitted.json	yes
3e53aa7de0ed5540f96346f03ac764bd326142178335bb0b838182c3a7bb1248	301	results/marsc_strengthen/hj11/unisum_eval/started.json	yes
2690c58a0050c2e858ad0912b42a71a1da5c0223d9097b6048cae76d620743e3	167	results/marsc_strengthen/hj11/unisum_mars2/direct_enabled_seed20260906/SHA256SUMS	yes
f6c5f4883853ffafff8e56107d9da8b698824969ecd5d1200c0eef03f5fd70df	100	results/marsc_strengthen/hj11/unisum_mars2/direct_enabled_seed20260906/complete.json	no
17f6ef1bb39de0a3579cf2fd7f35388e484ea0871fc72190b30bb06c37c6616f	305	results/marsc_strengthen/hj11/unisum_mars2/direct_enabled_seed20260906/started.json	yes
2c9798de0d64ac51eb9dc78e766be3b20cf05d21f2109d7ef8f17fed6915b488	167	results/marsc_strengthen/hj11/unisum_mars2/direct_enabled_seed20260907/SHA256SUMS	yes
e3a45ecdfb5d7e5b8a10a3a47c8bac9d7292baa1785f8e4c9174a6faaf9bdd4f	100	results/marsc_strengthen/hj11/unisum_mars2/direct_enabled_seed20260907/complete.json	no
fec3cdcbd3bce7c3034d542b2615b48879dbba029e2b4236a40873199e2cda82	305	results/marsc_strengthen/hj11/unisum_mars2/direct_enabled_seed20260907/started.json	yes
15cd145d816d73df18d8b22613c1a45492947100d5f6c4611535409339d65554	167	results/marsc_strengthen/hj11/unisum_mars2/direct_enabled_seed20260908/SHA256SUMS	yes
9b85dfff7026f03a460fde47814aac457daa5043f4a3487f1bbcd32e3f9e6279	100	results/marsc_strengthen/hj11/unisum_mars2/direct_enabled_seed20260908/complete.json	no
57f2f8a0ebc7c766a5e2a72989173038faa9084d6f3f8d75687fa748610bb890	305	results/marsc_strengthen/hj11/unisum_mars2/direct_enabled_seed20260908/started.json	yes
5ee778cb1c861607ea3cbfd8f19bd2410c4a31a58b2f6ba142d61dfe602f80c8	1382	results/marsc_strengthen/hj12/broker_held_snapshot.json	no
c4fbfde35a21cc60386359a6341c326201af3c3a9fbbdef55d3949a51f47d81a	270	results/marsc_strengthen/hj12/clinical/SHA256SUMS	no
894aaaf86dd2128135d8e70e557a00e6016665bcf56b8db2935e8f35d60bef23	100	results/marsc_strengthen/hj12/clinical/complete.json	no
84f65cb6713f7cb996407dab08f3b952192c13a036e1bf5b1320a4363bc5250d	8976	results/marsc_strengthen/hj12/clinical/eval/b3_contrasts.json	yes
339f28241ed13db11d0769b25c4ab4e9e067b18ef539677d517331b9c529a11d	15368	results/marsc_strengthen/hj12/clinical/eval/eval_omb/e2_emitted.json	yes
cc73a9f97e345916f82b0563a2a8d592c8c932b68bf80cfd3c69cf33368e449c	495360	results/marsc_strengthen/hj12/clinical/eval/per_pair_omb_k10.jsonl	no
b2866f6155e43e26f5162132e246637e383d493149d639a56b79e77e34d2bf54	296	results/marsc_strengthen/hj12/clinical/started.json	yes
1fd4f12c166aae2ff1fbc0c3ba57dab2d36e5cdf262842a619cd5926b7ab37f9	4241	results/marsc_strengthen/hj12/gemma_twin/SHA256SUMS	no
d51921f61db61f20927bed4f450e65a8195ca8d67051781da14bcdf71ed875a1	8669	results/marsc_strengthen/hj12/gemma_twin/crossed_test/crossed_families.json	yes
d13fb08143bbfc668de4cf49058876e1237cb8213d9a7f5e36702ab143d8f549	8820	results/marsc_strengthen/hj12/gemma_twin/crossed_unisum/crossed_families.json	yes
bdb7eedd93f837266ada7813da39f6c87fee2e081883627f3952b2daa5a8eda0	8785	results/marsc_strengthen/hj12/gemma_twin/crossed_validation/crossed_families.json	yes
38cd99f9edb99a3230ba9127a9623bd4b7fc0d10bf96d255ab9867886c86702c	4383	results/marsc_strengthen/hj12/gemma_twin/e0_gjudge/census.json	no
ee174709de90fce1a78f0a4bb0be2ad01959cb3cb328637bdd63e6101a410cb6	521	results/marsc_strengthen/hj12/gemma_twin/e0_gjudge/relabel_report.json	yes
a86ad9028e668dbce9d660a2c090545bb6193fc82991e006339c8743cf4209bd	15416	results/marsc_strengthen/hj12/gemma_twin/eval_test/e2_emitted.json	yes
378b593502e9d8290e05e7c6dd1e67ccce17fcab0d92eab7242a77331b5c94f3	8786	results/marsc_strengthen/hj12/gemma_twin/eval_test_distilled/e2_emitted.json	yes
5d195be01e2ad016e80c4713e8d44a9d3fe7666edd4092664d2a20d8ae87e651	100	results/marsc_strengthen/hj12/gemma_twin/receipt_tasks/complete.json	no
d77631d49b07ecae3d3c34d29d184f050f501ab8b30149ce84c0c432d7089a75	297	results/marsc_strengthen/hj12/gemma_twin/receipt_tasks/started.json	yes
c7b1b2ee39504ecae5b6af19a780341a94d34984032253c6184064c6cdd182c3	100	results/marsc_strengthen/hj12/gemma_twin/receipt_train/complete.json	no
47490d76cc084b1c3cc1dfc257717fa78a10eb57ebdbaa158e45cf402ff2201e	302	results/marsc_strengthen/hj12/gemma_twin/receipt_train/started.json	yes
72b38c701d6616e151533b7b230cc6a22829b1da0bace8a18f6ba26e74e56246	277150	results/marsc_strengthen/hj12/gemma_twin/sampled_units.json	yes
2516e594422648b0ffcec6f7d269d6dc22c21660049b85c14ad2371212f65771	550	results/marsc_strengthen/hj12/grid/SHA256SUMS	no
c14bc64a4dcbf50913f1197f3b14fafc88a837b56cb2324e9cddcdaf5d846f92	25674	results/marsc_strengthen/hj12/grid/eval/b3_contrasts.json	yes
42d778d76c460fe124fd270e6887daf23121cfd64f76390c0bdf4cc6d51ffd18	100	results/marsc_strengthen/hj12/grid/eval/complete.json	no
e6a23ecc28362ecbf0dfe616821e22fbc3668c8a85fb6aa3cb25c1707acb8c96	18713	results/marsc_strengthen/hj12/grid/eval/eval_test/e2_emitted.json	yes
b9c653456ae46f35bb68ee7f111a09dcfe941f921264c2274e6650b647552b88	34143	results/marsc_strengthen/hj12/grid/eval/eval_unisum/e2_emitted.json	yes
4b5916a7272b9c77d12997cb189c0b1515e477daed9481a7654b696bf8bd50ae	296	results/marsc_strengthen/hj12/grid/eval/started.json	yes
eebb431de54eccf155ebd0249b32dd419bff05d8fb851b6b236dd83196530905	100	results/marsc_strengthen/hj12/grid/twin/complete.json	no
10344c1cb49d6728dacb89e6e731d61e247a78e244222f862955924a47e26e3c	301	results/marsc_strengthen/hj12/grid/twin/started.json	yes
77c3fd5bb6ac6daa6907208c1b7b65a9f90f8b4360d569f76acdf7fc0c636ab4	1327	results/marsc_strengthen/hj12/twin/SHA256SUMS	no
1328593787f13a29d0e21cfca3f834533804bacf2769d1d85f69003a7ec0ce32	100	results/marsc_strengthen/hj12/twin/complete.json	no
71803e4dd02e989e02930638c841fc133e968b9b28d27653f1531f4ede4567ff	18601	results/marsc_strengthen/hj12/twin/crossed_test/primary_humanfact/crossed_families.json	yes
96d5153669e00d22a7d357463f4ae1d6e5ecaa5f71fa9af06822f67eab7bf62d	18624	results/marsc_strengthen/hj12/twin/crossed_test/primary_twinhuman/crossed_families.json	yes
1cb9643d8cd440cc8b6bc378000ac370526aaa88ef2cda5c373f3fdfae28568f	18844	results/marsc_strengthen/hj12/twin/crossed_unisum/primary_humanfact/crossed_families.json	yes
81ca4ae4bb50fe1db527ec7b143ccbbf0e9072a460445c6921139938ad53f970	18844	results/marsc_strengthen/hj12/twin/crossed_unisum/primary_twinhuman/crossed_families.json	yes
2bef78bfba78058421b8d69a1b6332516b45b19b164fc87e03e209b414b7e340	18893	results/marsc_strengthen/hj12/twin/crossed_validation/primary_humanfact/crossed_families.json	yes
431fcb00cfc453347a240a2b1b365f5b858f8a70a4ad13301abed36d6187a878	18887	results/marsc_strengthen/hj12/twin/crossed_validation/primary_twinhuman/crossed_families.json	yes
87977bc584dcf9001e1a851d3798e7ca8c21a7cb8b0f53528c6a4ce261df0097	79712	results/marsc_strengthen/hj12/twin/residual_test/primary_humanfact/c2_crossed_residual.json	yes
df097159fe3214a2555351a3ba8418e71061a11016362ebd8d559ab8ee0b74ab	79712	results/marsc_strengthen/hj12/twin/residual_test/primary_twinhuman/c2_crossed_residual.json	yes
bbfbd20c1133319cb0037ca332d6c6ae2243cc7d31981ab6778f64e5ad866d4d	79580	results/marsc_strengthen/hj12/twin/residual_unisum/primary_humanfact/c2_crossed_residual.json	yes
6da5911ca0aed9078615d983ae8c2e98882f55626b399606cd863840654fb3f0	79580	results/marsc_strengthen/hj12/twin/residual_unisum/primary_twinhuman/c2_crossed_residual.json	yes
fc8a1e0ef784ec0c4757ba5528bd3cf3f87aaa2a4419dede3d1fb5df8d1b0718	301	results/marsc_strengthen/hj12/twin/started.json	yes
5652f689fcd510d1e833eaea8403bdf7fe92e39f7c57c59b99e4a04a05e30288	195	results/marsc_strengthen/hj12/unisum_distilled_scores/factcg/SHA256SUMS	no
3bae798288779596fff6d5ecad1b0af1501570f1a3a49e89825b0a84de4bb017	100	results/marsc_strengthen/hj12/unisum_distilled_scores/factcg/complete.json	no
18a5018c2a4bfe439e3b11ba302d9adade8913d3d8b35f1302aabf8535dcb0fa	304	results/marsc_strengthen/hj12/unisum_distilled_scores/factcg/started.json	yes
5eb0b9dc30fc2c121e0370d3e7980d03a5053ddb8a1a19794c8ad764b4bb210e	200	results/marsc_strengthen/hj12/unisum_distilled_scores/minicheck7b/SHA256SUMS	no
1c73bff4845a4bd449b7d6c8d4ac6257c3e686595de419fc2f99b347b17fa28a	100	results/marsc_strengthen/hj12/unisum_distilled_scores/minicheck7b/complete.json	no
d5ab7d3609bd819b28861b7e1c7b2ec1205fba26c33d3439f56b95ca43eb135a	309	results/marsc_strengthen/hj12/unisum_distilled_scores/minicheck7b/started.json	yes
f81ddeb50196c9a754a773c155088e3217861db84e26c6ce01538c57c77b3b03	181	results/marsc_strengthen/hj13/SHA256SUMS	no
fa0e410e546d23fe75ee93b14acf03d519bcb15928d09916b962e7d1ebfd00b2	100	results/marsc_strengthen/hj13/complete.json	no
e38c2160a5e62e461fe18c44903b1930a2994effeb285353dc4f244eedfd6337	17897	results/marsc_strengthen/hj13/eval_validation/e2_emitted.json	yes
b998024cce871902daa869570ad54d7b96bd9f61960c3e71af784c894f12b37a	299	results/marsc_strengthen/hj13/started.json	yes
c13cec282f464ddff93ba67c82200daee8a0d192a47b12f87d5a1ac7093497ae	418	results/marsc_strengthen/hj3/docs/census.json	yes
33cadfa4716fb24ff6143e796e45d8fcae8a6e65abdc2b50f7cf7b837772f8ac	263	results/marsc_strengthen/hj3/eval_unisum/SHA256SUMS	no
a72c08785cde1d6078c4e7f2359ff1e4ff784c2234d6c602faeb84918b00f6e2	24153	results/marsc_strengthen/hj3/eval_unisum/b3_contrasts.json	yes
92670dcfaff0dd4f248bb9dacc9cf7fded3b9c8b45053b3d3b7cc77d82e98908	100	results/marsc_strengthen/hj3/eval_unisum/complete.json	no
9a69dee2f4c3628e37d9f63d0e50857f1f3321e512aa73f60d8c0fb22220347d	54151	results/marsc_strengthen/hj3/eval_unisum/eval_unisum/e2_emitted.json	yes
1e02e036e67bf40dc8073a9726de61669c3644a323c49067dd2f202f7173994a	295	results/marsc_strengthen/hj3/eval_unisum/started.json	yes
43c934681bb68c4cafa0b4cc60e4d8bd3bfcfbb63c6ef00a35bf95913decdda2	2381	results/marsc_strengthen/hj3/hcond_unisum/SHA256SUMS	no
4bf1c6c13c9537388d19a5991c50af790328649d7aa25a1e6a25557ec1efea45	100	results/marsc_strengthen/hj3/hcond_unisum/complete.json	no
2fc6c805867ef0e5ed09ce9cde9d995fd5f3b3bd8bffd4129e96db40d5e62524	11016	results/marsc_strengthen/hj3/hcond_unisum/crossed_families.json	yes
3d8bc713aedc0ff4e2fcce512a5f7c4068fadf4480c87bc0b00c56814892b3a5	301	results/marsc_strengthen/hj3/hcond_unisum/started.json	yes
e999b3fcc429b948544f6a1a0713df58ff0d4a889f02d3de4324d2bbe6b2911a	100	results/marsc_strengthen/hj3/hcond_unisum_ext/complete.json	no
8b3bf7cab652b6bd9e18d70e3803b596195b58bd2d7c55e5d6a81651de20a42e	13861	results/marsc_strengthen/hj3/hcond_unisum_ext/crossed_families.json	yes
9c66e063c84f91ff83b718a33c7c566e8888aaad93c1795ecfd85d4b9e4e1173	428	results/marsc_strengthen/hj3/scores_unisum/factcg/SHA256SUMS	no
fdcc7537c3b377d87592ee30b1a38c7c4722f2a7c39296f764b88aed64a4b1a7	100	results/marsc_strengthen/hj3/scores_unisum/factcg/complete.json	no
f0a82c86b9ef3c1f0ca308550a9f4a94699ba5f68f9f528e17bb38292ec7b5f4	301	results/marsc_strengthen/hj3/scores_unisum/factcg/started.json	yes
d24e0822b44bf79cb7057671c25883f7fc5ef71df56f66c29874e9a07d5c4764	443	results/marsc_strengthen/hj3/scores_unisum/minicheck7b/SHA256SUMS	no
6920b99255086dd52d9e087a399c525ee206332869ba3455708947034af79019	100	results/marsc_strengthen/hj3/scores_unisum/minicheck7b/complete.json	no
e91952bbbcc2a11c64d24000c788c9b3a40d4fefb5b1412020bdbd9d8d262c37	301	results/marsc_strengthen/hj3/scores_unisum/minicheck7b/started.json	yes
bec47e6067a4421b0c97c3203911884228f23745bcf3dd771e1643e8c81e0a53	174	results/marsc_strengthen/hj3/surf_unisum/SHA256SUMS	no
12612589d9796f2a22a1f91de87b3026364fa6355070ee45f2910ae938e785cd	45921	results/marsc_strengthen/hj3/surf_unisum/c2_crossed_residual.json	yes
1ef5f939df4351f0dffe3ae9513043dec19796b0c46260e66e0ad06af1165c31	100	results/marsc_strengthen/hj3/surf_unisum/complete.json	no
a97c288d22e1b680cd3128c08a0460a61abf09576b236711748282d168e4153c	300	results/marsc_strengthen/hj3/surf_unisum/started.json	yes
64d539588c726c707ef01eb50602c2b0d9a8468699cf06a1c1ba2c4fb8a5e0aa	382	results/marsc_strengthen/hj5/SHA256SUMS	no
bb1e6c05138b1b934342b54c6446cb1fb81f3bdc083269bfd3dfe84e25f33302	100	results/marsc_strengthen/hj5/complete.json	no
434091b5576b26ed37d8dfa24702fe6e06c1c55266290885b44d4a793746d9a3	1081	results/marsc_strengthen/hj5/deploy_cost_judge.json	yes
8883287b4ee33c1d6e92b4ba7f44d36c15e13440bec989b671ddf50e0883916f	3013	results/marsc_strengthen/hj5/deploy_cost_marsc_factcg_nli_alignscore.json	yes
a5d98b122c584a726929d77f650f9423d6bc4a0c87008fe75117ff6fef2609ab	1086	results/marsc_strengthen/hj5/deploy_cost_minicheck7b.json	yes
cb4c18a54aa3ebece456ce51c60d0fe019e75f33bbe12075fca6201b5785fea6	302	results/marsc_strengthen/hj5/started.json	yes
1f518f7527b98e1604f16ba513bd5e9119a7e96721f0d9a7855fa291ddad0b6f	261	results/marsc_strengthen/hj9/eval_test/SHA256SUMS	no
9a78517dee866646894d72907ab30316739ecf550ec84726ae38a3c352357dff	26473	results/marsc_strengthen/hj9/eval_test/b3_contrasts.json	yes
d861a4c7e363abde7b4e3a64c2bf412323b6235089af1e1d6485594552e48dcd	100	results/marsc_strengthen/hj9/eval_test/complete.json	no
afdbe740f258c987c398c54b0b54a1c917f125df4e8c09a030b664c8870d31d3	36790	results/marsc_strengthen/hj9/eval_test/eval_test/e2_emitted.json	yes
e8f0d4d24ca4bce2acfd07876c5148b48fd72bdb531ca303c667541af4e6c6d0	295	results/marsc_strengthen/hj9/eval_test/started.json	yes
35e6721e74fe70d0dafedff8ac91aa68b7ed0d1222debbf0ca221fcd0fde4548	263	results/marsc_strengthen/hj9/eval_unisum/SHA256SUMS	no
3e0c7dbf91a0e89dce0a28b402e01cb630b029d4ca455a6e927dc900fbae3f3b	26549	results/marsc_strengthen/hj9/eval_unisum/b3_contrasts.json	yes
ce88baed54e533026a7775b8ba75cadc810f6d4b09e2c53a53c14ab49d12b696	100	results/marsc_strengthen/hj9/eval_unisum/complete.json	no
0e6d3bae79bef33244f6514a4a887b51512e87beb4f2725bcf471cef97338e8d	62875	results/marsc_strengthen/hj9/eval_unisum/eval_unisum/e2_emitted.json	yes
19f65626cd3268e427994a2c8f25a91cd9262009a92bbc312c021a9406503b3b	295	results/marsc_strengthen/hj9/eval_unisum/started.json	yes
4ab46329bfaaae85ea89978060cd20e142a9b1619d5771cec354b064a3cb51b0	171	results/marsc_strengthen/hj9/hcond_test/SHA256SUMS	no
ffad7288bb5dfcb9af72619d7f0b1b7fc22d3a1d91492acf07e916e9537ac413	100	results/marsc_strengthen/hj9/hcond_test/complete.json	no
5dc153c3032c545446424f8d7440a83530d89b60213619edbfe412558b24919e	18719	results/marsc_strengthen/hj9/hcond_test/crossed_families.json	yes
76d1f8e9abe104a8f55cb10655e263f61ed5558915bde30f6a76ea167f486a85	301	results/marsc_strengthen/hj9/hcond_test/started.json	yes
81046da402a82368abace6df4d5a695ca4a2a78797db2599d7031979f55527ed	18741	results/marsc_strengthen/hj9/hcond_test_primary_humanfact/crossed_families.json	yes
8664849f54d48c6097a121916d24c1cc25dc99890704269ac1f7bfadf6f66e99	171	results/marsc_strengthen/hj9/hcond_unisum/SHA256SUMS	no
0b65167906566b47871607b36b7423c228c037a7081cd759c717c5193206a42b	100	results/marsc_strengthen/hj9/hcond_unisum/complete.json	no
79107a41d13b35362993cea258d1a37b201853e70d23eec1d63e43322ba10006	19072	results/marsc_strengthen/hj9/hcond_unisum/crossed_families.json	yes
ac6ec7e38c78dbd85d0bc7034daa686eff5e8f978c5944e3e65a100c39ac2f3a	301	results/marsc_strengthen/hj9/hcond_unisum/started.json	yes
f6e109523900d7217ad57f4258f858c58b4d144dad9ae17ae89981287b7a657d	19005	results/marsc_strengthen/hj9/hcond_unisum_primary_humanfact/crossed_families.json	yes
1e6f51c929859c38419afa4ded37518780dbf44d3f6be2e97d4180ac8a080c48	100	results/marsc_strengthen/hj9/receipt_factcg_human/complete.json	no
dc618bc5fb1c915400405d8c8ceebb89145382061d66cf3bed7654d0e059a898	301	results/marsc_strengthen/hj9/receipt_factcg_human/started.json	yes
ab75663ec079d7cf997533e4a6f33309fa18bb3a714646addd0f56aec58be7c4	100	results/marsc_strengthen/hj9/receipt_factcg_judge/complete.json	no
bac8882602fa7d5c1a2304d9efb8dff5f5111b136b28c4c87a501549eb9a1ea3	301	results/marsc_strengthen/hj9/receipt_factcg_judge/started.json	yes
ca565e6ee67afc1e78888a1a6a79113a6b7e3626577e66604a976c81b650562a	261	results/marsc_strengthen/hj9_joint/eval_test/SHA256SUMS	no
ae3d78364dfcd66adfe19fdb920445ba1d6e446849bdd997b73cc491b4fd3891	38175	results/marsc_strengthen/hj9_joint/eval_test/b3_contrasts.json	yes
54b780593bbe1127988a45d63a69d9fc4461648ee1a766f9b9f093c4a96dfe9b	100	results/marsc_strengthen/hj9_joint/eval_test/complete.json	no
c88d4696908ad01468f718782409ac10b031ca6dac8790499d3cc9039ae5fd79	53323	results/marsc_strengthen/hj9_joint/eval_test/eval_test/e2_emitted.json	yes
643e2115b896d6925550e31e7684f668a368cd8437cab788af8b76219b9c1c5d	296	results/marsc_strengthen/hj9_joint/eval_test/started.json	yes
6b31e4aeb8c4c496aeba2f152dd2bb2aff4f9060eae6816eed17fbb3f39f8cbf	263	results/marsc_strengthen/hj9_joint/eval_unisum/SHA256SUMS	no
1f04a73a7439ea599acea6bc189050f4ff528cbd68a8a6c426ece966ed90c9e1	38226	results/marsc_strengthen/hj9_joint/eval_unisum/b3_contrasts.json	yes
a922a2d90d2387309f537c231b66291bf590c0d5260139513da015b61fa7a647	100	results/marsc_strengthen/hj9_joint/eval_unisum/complete.json	no
6bb7d045098b763e1a02f7c592332265ba97e79221a7ed1293d11020b4a88b2b	90312	results/marsc_strengthen/hj9_joint/eval_unisum/eval_unisum/e2_emitted.json	yes
4c60241d9cb0582f34d63b9d12f6affab8797d4f8b3f223b980d1313663f3d76	296	results/marsc_strengthen/hj9_joint/eval_unisum/started.json	yes
c3f77458f3003860e2cf6fabf35cf65ce3ba89cfb86d82823ccb2eb9323df42e	261	results/marsc_strengthen/hj9_xlarge/eval_test/SHA256SUMS	no
5d0f600a2659a2a1a01cfc7ebd05f3db8dc7fef3540dc75718b26bccb4885a08	26397	results/marsc_strengthen/hj9_xlarge/eval_test/b3_contrasts.json	yes
6b8b027b58e8dba2a0f5ca3e65bd0f74d7314326efc3ab1d06f04739daa22e12	100	results/marsc_strengthen/hj9_xlarge/eval_test/complete.json	no
25f1942c91256502c10cb9b74fc28926cac190be44bce9ddac6d48dc5cedfffc	36841	results/marsc_strengthen/hj9_xlarge/eval_test/eval_test/e2_emitted.json	yes
4fb0942c228a44bc66b13b1e7f8607b5e7e87a5ae870c022bbe7b92b19fec2ee	295	results/marsc_strengthen/hj9_xlarge/eval_test/started.json	yes
b1a157ab9334a3724579277ab937d27440f555d370e11ba57956edcb3451a2d2	263	results/marsc_strengthen/hj9_xlarge/eval_unisum/SHA256SUMS	no
189c98c00d73843e795b2449e9441b3845570454c47508bea64914d39cee6ea1	26504	results/marsc_strengthen/hj9_xlarge/eval_unisum/b3_contrasts.json	yes
7821896195b411d57abcb5fd42c9d945efea59d59572b008f59cce489b1236ae	100	results/marsc_strengthen/hj9_xlarge/eval_unisum/complete.json	no
e4c46806b8daa1141665dbe77ff95b23056aaa0817e38eed59de47f4e7eb7d70	62905	results/marsc_strengthen/hj9_xlarge/eval_unisum/eval_unisum/e2_emitted.json	yes
3d26544b756453d35be369425acdedb48ebf883fc738e57995c8001cbf8b8872	295	results/marsc_strengthen/hj9_xlarge/eval_unisum/started.json	yes
d506b355c1d417f2907a297db99c724c59e4f46714a78c3f14bdef7dbc562eaa	171	results/marsc_strengthen/hj9_xlarge/hcond_test/SHA256SUMS	no
2603fd1bb745da9201b53f8f6abd8d6f6d589d7b917f807dcc3a7421089338f8	100	results/marsc_strengthen/hj9_xlarge/hcond_test/complete.json	no
ef3733d97f9be0616893da88a082f6b12d44d84fe2af4a58016bd46019c6c84e	18828	results/marsc_strengthen/hj9_xlarge/hcond_test/crossed_families.json	yes
6e0a21c63f4410952ce5938db921f3f4b00b1fda11a10a8c503aae197ac71c9d	301	results/marsc_strengthen/hj9_xlarge/hcond_test/started.json	yes
06ab058cfcbb4618d384cd462b86f13e309779f0b44098d4c21b8c66d8ff272b	18783	results/marsc_strengthen/hj9_xlarge/hcond_test_primary_humanfact/crossed_families.json	yes
bebf04b920777795a6c68802b5faf185d1b469bf070f1f8d6937eb3a03752f84	171	results/marsc_strengthen/hj9_xlarge/hcond_unisum/SHA256SUMS	no
0ef475e14f164a17cab2d4805f018e8019b252d7f4e709b1fdae9b6a1cf68f11	100	results/marsc_strengthen/hj9_xlarge/hcond_unisum/complete.json	no
8d254d6e7eb8831c1d5491d5a05fccdd486db069b1f4ef06a7c96cb2fa21ca6e	19064	results/marsc_strengthen/hj9_xlarge/hcond_unisum/crossed_families.json	yes
a33f5b1200b954ae8ff651121e88fd93acfede1c66b5664a543bd3ab7b1a95d9	301	results/marsc_strengthen/hj9_xlarge/hcond_unisum/started.json	yes
6f60b6e906876d6d1c2d4d96e7100e371b23578df318123af4e2bb946669c825	19069	results/marsc_strengthen/hj9_xlarge/hcond_unisum_primary_humanfact/crossed_families.json	yes
5fb6167e16d807c821727eea4cedf01d6d9b5881a6018f797dd9e3a17ffc9dcf	100	results/marsc_strengthen/hj9_xlarge/receipt_xlarge_human/complete.json	no
5e561a2cb8cc69197cb07469da44176efb2ee27c6871c65824c58fd4ceb65415	301	results/marsc_strengthen/hj9_xlarge/receipt_xlarge_human/started.json	yes
ed2b39400a7e0c9966bd362c366cf406646376f479d6c08fedafecb74364bbee	100	results/marsc_strengthen/hj9_xlarge/receipt_xlarge_judge/complete.json	no
320692830bb094c1dd0bfbb80b9069ff0af0a478bd5915124a99cc53e6255450	301	results/marsc_strengthen/hj9_xlarge/receipt_xlarge_judge/started.json	yes
9799f48f2e572d68a465b6c638c7783f9ffb4732200d41ae255270554e76818b	100	results/marsc_strengthen/w6/complete.json	no
94ccbf4f266853f0c8e3a0c121f79f9c9a7ec473bc5ae39bc2d31b142c820dcd	303	results/marsc_strengthen/w6/started.json	yes
5a9b3bc0ad5d7c8c8752ed8d09bcf5a260d7c365adad352396f8e1fd87bd06af	8104	results/marsc_strengthen/w6/w6_report.json	yes
